Workbook
Name Back_testing_LGD: Glossary!$B$7
Name Bank_s_assessment: Glossary!$B$8
Name Bank_s_comments: Glossary!$B$9
Name Coverage_in_internal_validation: Glossary!$B$10
Name Discriminatory_Power_LGD: Glossary!$B$11
Name Duration_of_the_recovery_process: Glossary!$B$12
Name Estimation_period: Glossary!$B$13
Name Expected_Loss: Glossary!$B$14
Name Exposure_at_Default: Glossary!$B$15
Name Exposure_Value: Glossary!$B$16
Name Facility_grade___pool: Glossary!$B$17
Name Generalised_AUC: Glossary!$B$18
Name Information_on_the_initial_sample: Glossary!$B$19
Name LGD_1.0a: '1.0'!$C$5
Name LGD_1.0b: '1.0'!$C$7
Name LGD_1.0c: '1.0'!$C$9
Name LGD_1.0d: '1.0'!$C$11
Name LGD_1.0e: '1.0'!$C$13
Name LGD_1.0f: '1.0'!$C$15
Name LGD_1.0g: '1.0'!$C$17
Name LGD_1.1a: '1.1'!$G$6:$I$9
Name LGD_1.1b: '1.1'!$E$14:$I$17
Name LGD_1.2a: '1.2'!$D$7:$E$12
Name LGD_2.0a: '2.0'!$E$8:$W$8
Name LGD_2.0b: '2.0'!$E$10:$E$21
Name LGD_2.0c: '2.0'!$G$10:$W$21
Name LGD_2.1a: '2.1'!$E$7:$AF$7
Name LGD_2.1b: '2.1'!$D$9:$E$28
Name LGD_2.1c: '2.1'!$G$9:$AF$28
Name LGD_3.0a: '3.0'!$D$7:$L$7
Name LGD_4.1a: '4.1'!$D$7:$E$7
Name LGD_4.2a: '4.2'!$D$9:$M$28
Name LGD_4.2b: '4.2'!$E$33
Name LGD_4.3a: '4.3'!$D$7:$E$11
Name LGD_4.3b: '4.3'!$D$15
Name LGD_Distribution: Glossary!$B$20
Name Loan_to_Value: Glossary!#REF!
Name Missing_Values_LGD: Glossary!$B$21
Name Model__ID: Glossary!$B$22
Name Modelling_approach: Glossary!$B$23
Name Number_facilities__backtesting: Glossary!$B$25
Name number_facilities_default: Glossary!$B$26
Name Number_of_facilities__application_portfolio: Glossary!$B$24
Name Number_of_Facility_Grades_or_Pools__K: Glossary!$B$27
Name Original_exposure: Glossary!$B$28
Name Portfolio: Glossary!$B$29
Name Relevant_observation_period: Glossary!$B$30
Name Risk_Weighted_Exposure_Amount: Glossary!$B$31
Name Time_in_default: Glossary!$B$32
Name Var_gAUC_init: Glossary!$B$33

Sheet Index
B2: VALIDATION REPORTING CREDIT RISK: INDIVIDUAL LGD MODEL
B4: TEMPLATES | G4: DQ check
B5: Number | C5: Code | D5: Name | E5: Reporting instructions | G5: Assessment
B6: 1 | C6: LGD 1.0 | D6: GENERAL INFORMATION - MODEL | E6: Section 2.4.1 | G6: =IF(COUNTIF('1.0'!C20:C22,"NOT OK")=0,"OK","NOT OK") -> NOT OK
B7: 1.1 | C7: LGD 1.1 | D7: VALIDATION INFORMATION - MODEL | E7: Section 2.4.2 | G7: =IF(COUNTIF('1.1'!K6:K17,"NOT OK")=0,"OK","NOT OK") -> NOT OK
B8: 1.2 | C8: LGD 1.2 | D8: PORTFOLIO INFORMATION | E8: Section 2.4.3 | G8: =IF(COUNTIF('1.2'!H7:H12,"NOT OK")=0,IF(COUNTIF('1.2'!H7:H12,"WARNING")=0,"OK","WARNING"),"NOT OK") -> NOT OK
B9: 2.0 | C9: LGD 2.0 | D9: BACK-TESTING (> 20 FACILITY GRADES OR POOLS, CONTINUOUS MODEL) | E9: Section 2.6.2 | G9: =IF('1.2'!E11="More than 20 facility grades or pools (including continuous LGD models)", IF(COUNTIF('2.0'!Y8:Y21,"NOT OK")=0,IF(COUNTIF('2.0'!Y8:Y21,"WARNING")=0,"OK","WARNING"),"NOT OK"), "NOT ASSESSED") -> NOT ASSESSED
B10: 2.1 | C10: LGD 2.1 | D10: BACK-TESTING (≤ 20 FACILITY GRADES OR POOLS) | E10: Section 2.6.2 | G10: =IF('1.2'!E11="Less than or equal to 20 facility grades or pools",IF(COUNTIF('2.1'!AH7:AH28,"NOT OK")=0,IF(COUNTIF('2.1'!AH7:AH28,"WARNING")=0,"OK","WARNING"),"NOT OK"),"NOT ASSESSED") -> NOT ASSESSED
B11: 3.0 | C11: LGD 3.0 | D11: DISCRIMINATORY POWER | E11: Section 2.6.3.1 | G11: =IF(COUNTIF('3.0'!E9:L9,"NOT OK")=0,IF(COUNTIF('3.0'!E9:L9,"WARNING")=0,"OK","WARNING"),"NOT OK") -> NOT OK
B12: 4.1 | C12: LGD 4.1 | D12: QUALITATIVE VALIDATION TOOLS - MISSING VALUES | E12: Section 2.6.4.1 | G12: =IF(COUNTIF('4.1'!C10:C10,"NOT OK")=0,IF(COUNTIF('4.1'!C10:C10,"WARNING")=0,"OK","WARNING"),"NOT OK") -> NOT OK
B13: 4.2 | C13: LGD 4.2 | D13: QUALITATIVE VALIDATION TOOLS - LGD DISTRIBUTION | E13: Section 2.6.4.2 | G13: =IF(COUNTIF('4.2'!O9:O37,"NOT OK")=0,IF(COUNTIF('4.2'!O9:O37,"WARNING")=0,"OK","WARNING"),"NOT OK") -> OK
B14: 4.3 | C14: LGD 4.3 | D14: QUALITATIVE VALIDATION TOOLS - TIME IN DEFAULT | E14: Section 2.6.4.3 | G14: =IF(COUNTIF('4.3'!H7:H15,"NOT OK")=0,IF(COUNTIF('4.3'!H7:H15,"WARNING")=0,"OK","WARNING"),"NOT OK") -> NOT OK

Sheet 1.0
B2: LGD 1.0 - VALIDATION REPORTING CREDIT RISK: INDIVIDUAL LGD MODEL
E3: Template version: | F3: 1.31
B5: Country: (two letter ISO code)
B7: Bank LEI code: (mandatory, key identification field)
B9: Bank: (name of institution)
B11: Model ID:
B13: Internal model name: (as used in validation report)
B15: Start of relevant observation period:
B17: End of relevant observation period:
B19: DQ check
B20: Complete | C20: =IF(COUNTA(C5,C7,C9,C11,C13,C15,C17)=7,"OK","NOT OK") -> NOT OK | D20: =IF(COUNTA(C5,C7,C9,C11,C13,C15,C17)=7,"","Some of the requested information above is missing.") -> Some of the requested information above is missing.
B21: Observation period | C21: =IF(NOT(AND('1.0'!C36,C35,C38)),"NOT OK",IF(NOT(C37),"WARNING","OK")) -> NOT OK | D21: =IF(NOT(C35),D35,IF(NOT(C36),D36,IF(NOT(C38),D38,IF(NOT(C37),D37,"")))) -> End date < Start date
B22: Filename | C22: =IF(COUNTIF('1.0'!C24, C7&"_LGD_"&C11&"_"&TEXT(DAY(C17),"00")&TEXT(MONTH(C17),"00")&TEXT(YEAR(C17),"0000")&"_?.xlsx"), "OK", "NOT OK") -> NOT OK | D22: =IF(C22="OK","","Filename does not match naming convention.") -> Filename does not match naming convention.
B24: Current filename | C24: =REPLACE(LEFT(CELL("filename",A1),FIND("]",CELL("filename",A1))-1),1,FIND("[",CELL("filename",A1)),"") -> LEICode_LGD_ModelID_EndOfObservationPeriod_versionNumber.xlsx
B25: Suggested filename | C25: =C7&"_LGD_"&C11&"_"&IF(DAY(C17)<10,"0","")&DAY(C17)&IF(MONTH(C17)<10,"0","")&MONTH(C17)&YEAR(C17)&"_[#].xlsx" -> _LGD__00011900_[#].xlsx
B28: Today | C28: =TODAY() -> 45996
B29: Body suggested | C29: =C7&"_LGD_"&C11&"_"&IF(DAY(C17)<10,"0","")&DAY(C17)&IF(MONTH(C17)<10,"0","")&MONTH(C17)&YEAR(C17)&"_" -> _LGD__00011900_
B30: Body actual | C30: =LEFT(C24,C31) -> LEICode_LGD_Mod
B31: Len suggested | C31: =LEN(C29) -> 15
B32: Len actual | C32: =LEN(C24)-6 -> 55 | D32: Note: 5 chars for suffix plus "dot", one char for number
B34: Obs Period Validation: | C34: Result | D34: Text if FALSE
B35: End date > start date? | C35: =C17>C15 -> FALSE | D35: End date < Start date
B36: One year length | C36: =OR(DAYS360(C15,C17)=360,DAYS360(C15,C17)=359, AND(MONTH(C15)=2,MONTH(C17)=2,DAYS360(C15,C17)=358)) -> FALSE | D36: Observation period should be one year
B37: Younger than two years | C37: =C17>=DATE(YEAR(TODAY())-2,MONTH(TODAY()),DAY(TODAY())) -> FALSE | D37: Sample period seems to be outdated
B38: End date not in future | C38: =C17<=TODAY() -> TRUE | D38: Observation period ends in future

Sheet 1.1
B2: LGD 1.1 - VALIDATION INFORMATION - MODEL
C4: Question | G4: Answer | I4: Institution's comments | K4: DQ check
G5: 010 | I5: 020 | K5: Assessment | L5: Comment
B6: 100 | C6: What is the overall assessment of the reported model by the internal validation function? | K6: =IF(OR(G6={"Adequate with no deficiencies","Adequate with minor deficiencies","Major deficiencies identified","Severe deficiencies identified"}),"OK","NOT OK") -> NOT OK | L6: =IF(G6="", "Row incomplete", IF(K6="NOT OK","Improper value given","")) -> Row incomplete
B7: 200 | C7: Was a material model change implemented for the model during the relevant observation period? | K7: =IF(G7="","NOT OK", IF(OR(G7="Yes",G7="No"),"OK","NOT OK")) -> NOT OK | L7: =IF(K7="OK","",IF(G7="","Row incomplete","Invalid entry")) -> Row incomplete
B8: 300 | C8: Did the definition of facility grades/pools change between the beginning and end of the observation period? | K8: =IF(L8="", "OK", "NOT OK") -> NOT OK | L8: =IF(G8="","Row incomplete",IF(NOT(OR(AND('1.2'!D9 = '1.2'!E9,'1.1'!G8 = "No"),'1.1'!G8 = "Yes")),"Answer not consistent with the number of facility grades/pools given in sheet 1.2 ","")) -> Row incomplete
B9: 400 | C9: Does the model design allow a separation of the downturn component from the estimated LGD? | K9: =IF(G9="","NOT OK", IF(OR(G9="Yes",G9="No"),"OK","NOT OK")) -> NOT OK | L9: =IF(K9="OK","",IF(G9="","Row incomplete","Invalid entry")) -> Row incomplete
C11: Area of investigation | D11: Tables | E11: Link to bank's internal validation report | I11: Institution's comments | K11: DQ check
E12: Name of the validation report document | F12: Section number | G12: Page | H12: Coverage in internal validation | I12: Institution's comments on the reported figures and results (max. 1,000 characters each)
E13: 030 | F13: 040 | G13: 050 | H13: 060 | I13: 070 | K13: Assessment | L13: Comment | O13: Not too little information | P13: Not too much information
B14: 510 | C14: Portfolio information | D14: LGD 1.2 | K14: =IF('1.1'!P14,"OK",IF(O14,"OK","NOT OK")) -> NOT OK | L14: =IF(ISBLANK('1.1'!H14), "Row incomplete - please fill at least column 060", IF(K14="OK","",IF(AND(H14 <> "NOT ASSESSED",NOT(O14)),"Missing references to validation report",IF(AND(O14,NOT(P14)),"","References to validation report given although area is not assessed")))) -> Row incomplete - please fill at least column 060 | O14: =AND('1.1'!H14<>"NOT ASSESSED",COUNTA(E14:H14)=4) -> FALSE | P14: =AND('1.1'!H14="NOT ASSESSED",COUNTA(E14:G14)=0) -> FALSE
B15: 520 | C15: Predictive ability | D15: LGD 2.0, LGD 2.1 | K15: =IF('1.1'!P15,"OK",IF(O15,"OK","NOT OK")) -> NOT OK | L15: =IF(ISBLANK('1.1'!H15), "Row incomplete - please fill at least column 060", IF(K15="OK","",IF(AND(H15 <> "NOT ASSESSED",NOT(O15)),"Missing references to validation report",IF(AND(O15,NOT(P15)),"","References to validation report given although area is not assessed")))) -> Row incomplete - please fill at least column 060 | O15: =AND('1.1'!H15<>"NOT ASSESSED",COUNTA(E15:H15)=4) -> FALSE | P15: =AND('1.1'!H15="NOT ASSESSED",COUNTA(E15:G15)=0) -> FALSE
B16: 530 | C16: Discriminatory power | D16: LGD 3.0 | K16: =IF('1.1'!P16,"OK",IF(O16,"OK","NOT OK")) -> NOT OK | L16: =IF(ISBLANK('1.1'!H16), "Row incomplete - please fill at least column 060", IF(K16="OK","",IF(AND(H16 <> "NOT ASSESSED",NOT(O16)),"Missing references to validation report",IF(AND(O16,NOT(P16)),"","References to validation report given although area is not assessed")))) -> Row incomplete - please fill at least column 060 | O16: =AND('1.1'!H16<>"NOT ASSESSED",COUNTA(E16:H16)=4) -> FALSE | P16: =AND('1.1'!H16="NOT ASSESSED",COUNTA(E16:G16)=0) -> FALSE
B17: 540 | C17: Qualitative validation tools | D17: LGD 4.1, LGD 4.2, LGD 4.3 | K17: =IF('1.1'!P17,"OK",IF(O17,"OK","NOT OK")) -> NOT OK | L17: =IF(ISBLANK('1.1'!H17), "Row incomplete - please fill at least column 060", IF(K17="OK","",IF(AND(H17 <> "NOT ASSESSED",NOT(O17)),"Missing references to validation report",IF(AND(O17,NOT(P17)),"","References to validation report given although area is not assessed")))) -> Row incomplete - please fill at least column 060 | O17: =AND('1.1'!H17<>"NOT ASSESSED",COUNTA(E17:H17)=4) -> FALSE | P17: =AND('1.1'!H17="NOT ASSESSED",COUNTA(E17:G17)=0) -> FALSE

Sheet 1.2
B2: LGD 1.2 - PORTFOLIO INFORMATION
B4: Application portfolio of the LGD model (performing)
C5: Measure | D5: Beginning of the observation period | E5: End of the observation period | F5: Change | H5: DQ check
D6: 010 | E6: 020 | F6: 030 | H6: Assessment | I6: Comment
B7: 110 | C7: RWEA | F7: =IF(AND(E7<>"",D7<>""),IF(D7<>0,(E7-D7)/'1.2'!D7,""),"") | H7: =IF(COUNTA(D7:E7)<>2,"NOT OK",IF('1.2'!D7=E7,"WARNING","OK")) -> NOT OK | I7: =IF(COUNTA(D7:E7)<>2,"Row incomplete",IF(D7=E7,"Same information for beginning and end of observation period","")) -> Row incomplete
B8: 120 | C8: EAD | F8: =IF(AND(E8<>"",D8<>""),IF(D8<>0,(E8-D8)/'1.2'!D8,""),"") | H8: =IF(COUNTA(D8:E8)<>2,"NOT OK",IF('1.2'!D8=E8,"WARNING","OK")) -> NOT OK | I8: =IF(COUNTA(D8:E8)<>2,"Row incomplete",IF(D8=E8,"Same information for beginning and end of observation period","")) -> Row incomplete
B9: 130 | C9: Number of facility grades or pools | F9: =IF(AND(E9<>"",D9<>""),IF(D9<>0,(E9-D9)/'1.2'!D9,""),"") | H9: =IF(I9="Missing values only allowed for continuous models.","WARNING",IF(I9="", "OK","NOT OK")) -> NOT OK | I9: =IF(AND(COUNTA(E9)=0,E11<>"More than 20 facility grades or pools (including continuous LGD models)"),"Row incomplete", IF(AND(COUNTA(D9)=0,D11<>"More than 20 facility grades or pools (including continuous LGD models)"),"Row incomplete", IF(AND(COUNTA(E9)=0,E11="More than 20 facility grades or pools (including continuous LGD models)"),"Missing values only allowed for continuous models.", IF(AND(COUNTA(D9)=0,D11="More than 20 facility grades or pools (including continuous LGD models)"),"Missing values only allowed for continuous models.", IF(AND(D9<>E9,'1.1'!G8="No"),"Different number of facility grades",""))))) -> Row incomplete
B10: 150 | C10: Number of facilities (application portfolio) | F10: =IF(AND(E10<>"",D10<>""),IF(D10<>0,(E10-D10)/'1.2'!D10,""),"") | H10: =IF(COUNTA(D10:E10)<>2,"NOT OK",IF('1.2'!D10=E10,"WARNING","OK")) -> NOT OK | I10: =IF(COUNTA(D10:E10)<>2,"Row incomplete",IF(D10=E10,"Same information for beginning and end of observation period","")) -> Row incomplete
B11: 160 | C11: Modelling approach | H11: =IF(OR(COUNTA(D11:E11)<>2, I11="Modelling approach not in line with reported number of facility grades or pools in row 130 (which is less or equal 20).", I11="Modelling approach not in line with reported number of facility grades or pools in row 130 (which is greater than 20)."),"NOT OK", IF('1.2'!D11<>E11,"WARNING","OK")) -> NOT OK | I11: =IFERROR(IF(COUNTA(D11:E11)<>2,"Row incomplete", IF(OR(AND(D11="More than 20 facility grades or pools (including continuous LGD models)",COUNTA(D9),D9<=20), AND(E11="More than 20 facility grades or pools (including continuous LGD models)",COUNTA(E9),E9<=20)), "Modelling approach not in line with reported number of facility grades or pools in row 130 (which is less or equal 20).", IF(OR(AND(D11="Less than or equal to 20 facility grades or pools",COUNTA(D9),D9>20), AND(E11="Less than or equal to 20 facility grades or pools",COUNTA(E9),E9>20)), "Modelling approach not in line with reported number of facility grades or pools in row 130 (which is greater than 20).", IF(D11<>E11,"Different modelling approaches", "")))),"") -> Row incomplete
B12: 170 | C12: Estimation period | H12: =IF(COUNTA(D12:E12)<>2,"NOT OK",IF('1.2'!D12<>E12,"WARNING","OK")) -> NOT OK | I12: =IF(COUNTA(D12:E12)<>2,"Row incomplete",IF(D12<>E12,"Different estimation period","")) -> Row incomplete
D15: More than 20 facility grades or pools (including continuous LGD models) | F15: Estimates calculated at the beginning of the year in which the default occurred
D16: Less than or equal to 20 facility grades or pools | F16: Estimates calculated 12 months before the individual default

Sheet 2.0
B2: LGD 2.0 - BACK-TESTING LGD (MORE THAN 20 FACILITY GRADES OR POOLS - INCLUDING CONTINUOUS LGD MODELS)
D4: Estimated LGD | E4: Number of facilities (back-testing) | F4: Number-weighted average of estimated LGD without downturn component (if available) | G4: Number-weighted average of estimated LGD (LGD^E) | H4: Number-weighted average of realised LGD (LGD^R) | I4: Observed frequencies realised LGD (LGD^R) | U4: T-test
E5: N | F5: Number Weighted Average of Estimated LGD (LGD^E) | G5: Number Weighted Average of Estimated LGD (LGD^E) | U5: Variance (s^2_LGD) | V5: Test statistic (T) | W5: P-value (1-S_N-1(T)) | Y5: DQ check | AR5: Discriminatory power
I6: [0%,5%) | J6: [5%,10%) | K6: [10%,20%) | L6: [20%,30%) | M6: [30%,40%) | N6: [40%,50%) | O6: [50%,60%) | P6: [60%,70%) | Q6: [70%,80%) | R6: [80%,90%) | S6: [90%,100%) | T6: >=100% | Y6: Assessment | Z6: Comment | AC6: LGD realisation bounds | AF6: LGD variance bounds | AI6: P-value t-test | AJ6: P-value t-test
D7: 010 | E7: 020 | F7: 030 | G7: 040 | H7: 050 | I7: 060 | J7: 070 | K7: 080 | L7: 090 | M7: 100 | N7: 110 | O7: 120 | P7: 130 | Q7: 140 | R7: 150 | S7: 160 | T7: 170 | U7: 180 | V7: 190 | W7: 200 | AA7: Row complete | AB7: Row sum | AC7: LGD^R_low | AD7: LGD^R_up | AE7: LGD_R bounds | AF7: VAR_low | AG7: VAR_up | AH7: VAR bounds | AK7: LGD_LB | AL7: LGD_UB | AM7: LGD^E_prox | AR7: ECB calculation | AV7: ECB calculation for Aij - Dij
B8: 100 | C8: Portfolio | D8: Portfolio | Y8: =IF(COUNTA(E8:W8)=0,"", IF(F8>G8, "NOT OK", IF(OR('2.0'!AA8="NOT OK",AB8="NOT OK",AJ8="NOT OK",ISNUMBER(SEARCH("is not a weighted average of the segment values",Z8))),"NOT OK",IF(AND(OR(AE8="WARNING",AH8="WARNING"),E8>0),"WARNING","OK")))) | Z8: =IF(COUNTA(E8:W8)=0,"",IF('2.0'!AA8="NOT OK","Row incomplete. Check if zeros values are missing in the row.",IF(AB8="NOT OK","The number of facilities in buckets does not sum up to the total number.",IF(AJ8="NOT OK","The p-value of t-Test differs from ECB calculation.",IF(ABS(SUMPRODUCT(E10:E21,G10:G21)/E8-G8)>0.00001,"Cell G8 is not a weighted average of the segment values.[ECB calculation: "&ROUND(SUMPRODUCT(E10:E21,G10:G21)/E8,6)&"]",IF(ABS(SUMPRODUCT(E10:E21,H10:H21)/E8-H8)>0.00001,"Cell H8 is not a weighted average of the segment values.[ECB calculation: "&ROUND(SUMPRODUCT(E10:E21,H10:H21)/E8,6)&"]",IF(AE8="WARNING","The average LGD^R seems implausible with the given LGD realisation.",IF(AH8="WARNING","The variance of the LGD seems implausible with the given realisation.",IF(SUM(I10:I21)<>I8,"Cell I8 is not the sum of the segment values.[ECB calculation: "&SUM(I10:I21)&"]",IF(SUM(J10:J21)<>J8,"Cell J8 is not the sum of the segment values.[ECB calculation: "&SUM(J10:J21)&"]",IF(SUM(K10:K21)<>K8,"Cell K8 is not the sum of the segment values.[ECB calculation: "&SUM(K10:K21)&"]",IF(SUM(L10:L21)<>L8,"Cell L8 is not the sum of the segment values.[ECB calculation: "&SUM(L10:L21)&"]",IF(SUM(M10:M21)<>M8,"Cell M8 is not the sum of the segment values.[ECB calculation: "&SUM(M10:M21)&"]",IF(SUM(N10:N21)<>N8,"Cell N8 is not the sum of the segment values.[ECB calculation: "&SUM(N10:N21)&"]",IF(SUM(O10:O21)<>O8,"Cell O8 is not the sum of the segment values.[ECB calculation: "&SUM(O10:O21)&"]",IF(SUM(P10:P21)<>P8,"Cell P8 is not the sum of the segment values.[ECB calculation: "&SUM(P10:P21)&"]",IF(SUM(Q10:Q21)<>Q8,"Cell Q8 is not the sum of the segment values.[ECB calculation: "&SUM(Q10:Q21)&"]",IF(SUM(R10:R21)<>R8,"Cell R8 is not the sum of the segment values.[ECB calculation: "&SUM(R10:R21)&"]",IF(SUM(S10:S21)<>S8,"Cell S8 is not the sum of the segment values.[ECB calculation: "&SUM(S10:S21)&"]",IF(SUM(T10:T21)<>T8,"Cell T8 is not the sum of the segment values.[ECB calculation: "&SUM(T10:T21)&"]",IF(F8>G8,"Cell F8 should be smaller or equal to Cell G8.",""))))))))))))))))))))) | AA8: =IF(OR(E8=0,COUNTA(E8:W8)=0),"",IF(COUNTA(E8,G8:W8)>=18,"OK",IF('2.0'!E8=1,IF(COUNTA(E8,G8:W8)=15,"OK","NOT OK"),"NOT OK"))) | AB8: =IF(COUNTA(E8:W8)=0,"",IF(AND(E8=SUM(I8:T8),'2.0'!E8=SUM(E10:E21)),"OK","NOT OK")) | AC8: {=IFERROR(SUM(I8:T8*TRANSPOSE($AK$10:$AK$21))/SUM(I8:T8),"")} | AD8: {=IFERROR(SUM(I8:T8*TRANSPOSE($AL$10:$AL$21))/SUM(I8:T8),"")} | AE8: =IF(COUNTA(E8:W8)=0,"",IFERROR(IF(AND('2.0'!H8>=AC8,H8<=AD8),"OK","WARNING"),"")) | AF8: =IF(COUNTA(E8:W8)=0,"",IFERROR('2.0'!AP30,"")) | AG8: =IF(COUNTA(E8:W8)=0,"",IFERROR('2.0'!AO30,"")) | AH8: =IF(COUNTA(E8:W8)=0,"",IFERROR(IF(AND('2.0'!U8>=AF8,U8<=AG8),"OK","WARNING"),"")) | AI8: =IFERROR(IF(COUNTA(E8:W8)=0,"",1-_xlfn.T.DIST(SQRT(E8)*(H8-G8)/SQRT('2.0'!U8),E8-1,TRUE)),"") | AJ8: =IFERROR(IF(COUNTA(E8:W8)=0,"",IF(ABS('2.0'!W8-AI8)>0.00001,"NOT OK","OK")),"") | AR8: N | AS8: =SUM($I$10:$T$21) -> 25000 | AU8: N | AV8: i/j
AR9: w_r | AS9: {=POWER($AS$8,2)-SUMPRODUCT(AU10:AU21,AU10:AU21)} -> 560856534 | AW9: 1 | AX9: 2 | AY9: 3 | AZ9: 4 | BA9: 5 | BB9: 6 | BC9: 7 | BD9: 8 | BE9: 9 | BF9: 10 | BG9: 11 | BH9: 12
B10: 201 | C10: Segment 1 | D10: [0%,5%) | I10: 1406 | J10: 130 | K10: 14 | L10: 2 | M10: 20 | N10: 1 | O10: 1 | P10: 0 | Q10: 3 | R10: 57 | S10: 0 | T10: 0 | Y10: =IF(COUNTA(E10:W10)=0,"",IF(AND('2.0'!E10=0,COUNTA(H10:W10)>0),"NOT OK",IF(OR(AA10="NOT OK",AB10="NOT OK",AJ10="NOT OK"),"NOT OK",IF(AND(OR(AE10="WARNING",AH10="WARNING"),E10>0),"WARNING","OK")))) -> NOT OK | Z10: =IF(OR(COUNTA(E10:W10)=0,AND('2.0'!E10=0,COUNTA(F10:W10)=0)),"",IF(AND(E10=0,COUNTA(H10:W10)>0),"As number of facilities is zero, please leave columns H to W empty.",IF(AA10="NOT OK","Row incomplete. Check if zeros values are missing in the row.",IF(AB10="NOT OK","The number of facilities in buckets does not sum up to the total number.",IF(AJ10="NOT OK","The p-value of t-Test differs from ECB calculation.",IF(AE10="WARNING","The average LGD^R seems implausible with the given LGD realisation.",IF(AH10="WARNING","The variance of the LGD seems implausible with the given realisation.",""))))))) -> As number of facilities is zero, please leave columns H to W empty. | AA10: =IF(OR(E10=0,COUNTA(E10:W10)=0),"",IF(COUNTA(E10:W10)>=18,"OK",IF('2.0'!E10=1,IF(COUNTA(E10:W10)=15,"OK","NOT OK"),"NOT OK"))) | AB10: =IF(COUNTA(E10:W10)=0,"",IF('2.0'!E10=SUM(I10:T10),"OK","NOT OK")) -> NOT OK | AC10: {=IFERROR(SUM(I10:T10*TRANSPOSE($AK$10:$AK$21))/SUM(I10:T10),"")} -> 0.038494492 | AD10: {=IFERROR(SUM(I10:T10*TRANSPOSE($AL$10:$AL$21))/SUM(I10:T10),"")} -> 0.091493268 | AE10: =IF(COUNTA(H10:W10)=0,"",IFERROR(IF(AND('2.0'!H10>=AC10,H10<=AD10),"OK","WARNING"),"")) -> WARNING | AF10: =IF(COUNTA(H10:W10)=0,"",IFERROR('2.0'!AP31,"")) -> 0.024926516 | AG10: =IF(COUNTA(H10:W10)=0,"",IFERROR('2.0'!AO31,"")) -> 0.035183711 | AH10: =IF(COUNTA(H10:W10)=0,"",IFERROR(IF(AND('2.0'!U10>=AF10,U10<=AG10),"OK","WARNING"),"")) -> WARNING | AI10: =IFERROR(IF(COUNTA(E10:W10)=0,"",1-_xlfn.T.DIST(SQRT(E10)*(H10-G10)/SQRT('2.0'!U10),E10-1,TRUE)),"") | AJ10: =IFERROR(IF(COUNTA(E10:W10)=0,"",IF(ABS('2.0'!W10-AI10)>0.00001,"NOT OK","OK")),"") | AK10: 0 | AL10: 0.05 | AM10: 0.025 | AR10: P-Q | AS10: {=SUM((AW10:BH21)*$I$10:$T$21)} -> 195471380 | AU10: =SUM(I10:T10) -> 1634 | AV10: 1 | AW10: {=(SUM(($AW$9:$BH$9<AW$9)*($AV$10:$AV$21<$AV10)*$I$10:$T$21)+SUM(($AW$9:$BH$9>AW$9)*($AV$10:$AV$21>$AV10)*$I$10:$T$21)-(SUM(($AW$9:$BH$9>AW$9)*($AV$10:$AV$21<$AV10)*$I$10:$T$21)+SUM(($AW$9:$BH$9<AW$9)*($AV$10:$AV$21>$AV10)*$I$10:$T$21)))*($AU10>0)*(SUM(INDEX($I$10:$T$21,0,AW$9))>0)} -> 19272 | AX10: {=(SUM(($AW$9:$BH$9<AX$9)*($AV$10:$AV$21<$AV10)*$I$10:$T$21)+SUM(($AW$9:$BH$9>AX$9)*($AV$10:$AV$21>$AV10)*$I$10:$T$21)-(SUM(($AW$9:$BH$9>AX$9)*($AV$10:$AV$21<$AV10)*$I$10:$T$21)+SUM(($AW$9:$BH$9<AX$9)*($AV$10:$AV$21>$AV10)*$I$10:$T$21)))*($AU10>0)*(SUM(INDEX($I$10:$T$21,0,AX$9))>0)} -> 13708 | AY10: {=(SUM(($AW$9:$BH$9<AY$9)*($AV$10:$AV$21<$AV10)*$I$10:$T$21)+SUM(($AW$9:$BH$9>AY$9)*($AV$10:$AV$21>$AV10)*$I$10:$T$21)-(SUM(($AW$9:$BH$9>AY$9)*($AV$10:$AV$21<$AV10)*$I$10:$T$21)+SUM(($AW$9:$BH$9<AY$9)*($AV$10:$AV$21>$AV10)*$I$10:$T$21)))*($AU10>0)*(SUM(INDEX($I$10:$T$21,0,AY$9))>0)} -> 11582 | AZ10: {=(SUM(($AW$9:$BH$9<AZ$9)*($AV$10:$AV$21<$AV10)*$I$10:$T$21)+SUM(($AW$9:$BH$9>AZ$9)*($AV$10:$AV$21>$AV10)*$I$10:$T$21)-(SUM(($AW$9:$BH$9>AZ$9)*($AV$10:$AV$21<$AV10)*$I$10:$T$21)+SUM(($AW$9:$BH$9<AZ$9)*($AV$10:$AV$21>$AV10)*$I$10:$T$21)))*($AU10>0)*(SUM(INDEX($I$10:$T$21,0,AZ$9))>0)} -> 10678 | BA10: {=(SUM(($AW$9:$BH$9<BA$9)*($AV$10:$AV$21<$AV10)*$I$10:$T$21)+SUM(($AW$9:$BH$9>BA$9)*($AV$10:$AV$21>$AV10)*$I$10:$T$21)-(SUM(($AW$9:$BH$9>BA$9)*($AV$10:$AV$21<$AV10)*$I$10:$T$21)+SUM(($AW$9:$BH$9<BA$9)*($AV$10:$AV$21>$AV10)*$I$10:$T$21)))*($AU10>0)*(SUM(INDEX($I$10:$T$21,0,BA$9))>0)} -> 10090 | BB10: {=(SUM(($AW$9:$BH$9<BB$9)*($AV$10:$AV$21<$AV10)*$I$10:$T$21)+SUM(($AW$9:$BH$9>BB$9)*($AV$10:$AV$21>$AV10)*$I$10:$T$21)-(SUM(($AW$9:$BH$9>BB$9)*($AV$10:$AV$21<$AV10)*$I$10:$T$21)+SUM(($AW$9:$BH$9<BB$9)*($AV$10:$AV$21>$AV10)*$I$10:$T$21)))*($AU10>0)*(SUM(INDEX($I$10:$T$21,0,BB$9))>0)} -> 9731 | BC10: {=(SUM(($AW$9:$BH$9<BC$9)*($AV$10:$AV$21<$AV10)*$I$10:$T$21)+SUM(($AW$9:$BH$9>BC$9)*($AV$10:$AV$21>$AV10)*$I$10:$T$21)-(SUM(($AW$9:$BH$9>BC$9)*($AV$10:$AV$21<$AV10)*$I$10:$T$21)+SUM(($AW$9:$BH$9<BC$9)*($AV$10:$AV$21>$AV10)*$I$10:$T$21)))*($AU10>0)*(SUM(INDEX($I$10:$T$21,0,BC$9))>0)} -> 9668 | BD10: {=(SUM(($AW$9:$BH$9<BD$9)*($AV$10:$AV$21<$AV10)*$I$10:$T$21)+SUM(($AW$9:$BH$9>BD$9)*($AV$10:$AV$21>$AV10)*$I$10:$T$21)-(SUM(($AW$9:$BH$9>BD$9)*($AV$10:$AV$21<$AV10)*$I$10:$T$21)+SUM(($AW$9:$BH$9<BD$9)*($AV$10:$AV$21>$AV10)*$I$10:$T$21)))*($AU10>0)*(SUM(INDEX($I$10:$T$21,0,BD$9))>0)} -> 9549 | ... BH10: {=(SUM(($AW$9:$BH$9<BH$9)*($AV$10:$AV$21<$AV10)*$I$10:$T$21)+SUM(($AW$9:$BH$9>BH$9)*($AV$10:$AV$21>$AV10)*$I$10:$T$21)-(SUM(($AW$9:$BH$9>BH$9)*($AV$10:$AV$21<$AV10)*$I$10:$T$21)+SUM(($AW$9:$BH$9<BH$9)*($AV$10:$AV$21>$AV10)*$I$10:$T$21)))*($AU10>0)*(SUM(INDEX($I$10:$T$21,0,BH$9))>0)} -> -21366
B11: 202 | C11: Segment 2 | D11: [5%,10%) | I11: 584 | J11: 300 | K11: 320 | L11: 43 | M11: 8 | N11: 0 | O11: 0 | P11: 0 | Q11: 0 | R11: 0 | S11: 240 | T11: 0 | Y11: =IF(COUNTA(E11:W11)=0,"",IF(AND('2.0'!E11=0,COUNTA(H11:W11)>0),"NOT OK",IF(OR(AA11="NOT OK",AB11="NOT OK",AJ11="NOT OK"),"NOT OK",IF(AND(OR(AE11="WARNING",AH11="WARNING"),E11>0),"WARNING","OK")))) -> NOT OK | Z11: =IF(OR(COUNTA(E11:W11)=0,AND('2.0'!E11=0,COUNTA(F11:W11)=0)),"",IF(AND(E11=0,COUNTA(H11:W11)>0),"As number of facilities is zero, please leave columns H to W empty.",IF(AA11="NOT OK","Row incomplete. Check if zeros values are missing in the row.",IF(AB11="NOT OK","The number of facilities in buckets does not sum up to the total number.",IF(AJ11="NOT OK","The p-value of t-Test differs from ECB calculation.",IF(AE11="WARNING","The average LGD^R seems implausible with the given LGD realisation.",IF(AH11="WARNING","The variance of the LGD seems implausible with the given realisation.",""))))))) -> As number of facilities is zero, please leave columns H to W empty. | AA11: =IF(OR(E11=0,COUNTA(E11:W11)=0),"",IF(COUNTA(E11:W11)>=18,"OK",IF('2.0'!E11=1,IF(COUNTA(E11:W11)=15,"OK","NOT OK"),"NOT OK"))) | AB11: =IF(COUNTA(E11:W11)=0,"",IF('2.0'!E11=SUM(I11:T11),"OK","NOT OK")) -> NOT OK | AC11: {=IFERROR(SUM(I11:T11*TRANSPOSE($AK$10:$AK$21))/SUM(I11:T11),"")} -> 0.18327759 | AD11: {=IFERROR(SUM(I11:T11*TRANSPOSE($AL$10:$AL$21))/SUM(I11:T11),"")} -> 0.25371237 | AE11: =IF(COUNTA(H11:W11)=0,"",IFERROR(IF(AND('2.0'!H11>=AC11,H11<=AD11),"OK","WARNING"),"")) -> WARNING | AF11: =IF(COUNTA(H11:W11)=0,"",IFERROR('2.0'!AP32,"")) -> 0.13439759 | AG11: =IF(COUNTA(H11:W11)=0,"",IFERROR('2.0'!AO32,"")) -> 0.17564257 | AH11: =IF(COUNTA(H11:W11)=0,"",IFERROR(IF(AND('2.0'!U11>=AF11,U11<=AG11),"OK","WARNING"),"")) -> WARNING | AI11: =IFERROR(IF(COUNTA(E11:W11)=0,"",1-_xlfn.T.DIST(SQRT(E11)*(H11-G11)/SQRT('2.0'!U11),E11-1,TRUE)),"") | AJ11: =IFERROR(IF(COUNTA(E11:W11)=0,"",IF(ABS('2.0'!W11-AI11)>0.00001,"NOT OK","OK")),"") | AK11: 0.05 | AL11: 0.1 | AM11: 0.075 | AR11: D(C|R) | AS11: =AS10/AS9 -> 0.34852296 | AU11: =SUM(I11:T11) -> 1495 | AV11: 2 | AW11: {=(SUM(($AW$9:$BH$9<AW$9)*($AV$10:$AV$21<$AV11)*$I$10:$T$21)+SUM(($AW$9:$BH$9>AW$9)*($AV$10:$AV$21>$AV11)*$I$10:$T$21)-(SUM(($AW$9:$BH$9>AW$9)*($AV$10:$AV$21<$AV11)*$I$10:$T$21)+SUM(($AW$9:$BH$9<AW$9)*($AV$10:$AV$21>$AV11)*$I$10:$T$21)))*($AU11>0)*(SUM(INDEX($I$10:$T$21,0,AW$9))>0)} -> 18133 | AX11: {=(SUM(($AW$9:$BH$9<AX$9)*($AV$10:$AV$21<$AV11)*$I$10:$T$21)+SUM(($AW$9:$BH$9>AX$9)*($AV$10:$AV$21>$AV11)*$I$10:$T$21)-(SUM(($AW$9:$BH$9>AX$9)*($AV$10:$AV$21<$AV11)*$I$10:$T$21)+SUM(($AW$9:$BH$9<AX$9)*($AV$10:$AV$21>$AV11)*$I$10:$T$21)))*($AU11>0)*(SUM(INDEX($I$10:$T$21,0,AX$9))>0)} -> 14989 | AY11: {=(SUM(($AW$9:$BH$9<AY$9)*($AV$10:$AV$21<$AV11)*$I$10:$T$21)+SUM(($AW$9:$BH$9>AY$9)*($AV$10:$AV$21>$AV11)*$I$10:$T$21)-(SUM(($AW$9:$BH$9>AY$9)*($AV$10:$AV$21<$AV11)*$I$10:$T$21)+SUM(($AW$9:$BH$9<AY$9)*($AV$10:$AV$21>$AV11)*$I$10:$T$21)))*($AU11>0)*(SUM(INDEX($I$10:$T$21,0,AY$9))>0)} -> 13627 | AZ11: {=(SUM(($AW$9:$BH$9<AZ$9)*($AV$10:$AV$21<$AV11)*$I$10:$T$21)+SUM(($AW$9:$BH$9>AZ$9)*($AV$10:$AV$21>$AV11)*$I$10:$T$21)-(SUM(($AW$9:$BH$9>AZ$9)*($AV$10:$AV$21<$AV11)*$I$10:$T$21)+SUM(($AW$9:$BH$9<AZ$9)*($AV$10:$AV$21>$AV11)*$I$10:$T$21)))*($AU11>0)*(SUM(INDEX($I$10:$T$21,0,AZ$9))>0)} -> 13102 | BA11: {=(SUM(($AW$9:$BH$9<BA$9)*($AV$10:$AV$21<$AV11)*$I$10:$T$21)+SUM(($AW$9:$BH$9>BA$9)*($AV$10:$AV$21>$AV11)*$I$10:$T$21)-(SUM(($AW$9:$BH$9>BA$9)*($AV$10:$AV$21<$AV11)*$I$10:$T$21)+SUM(($AW$9:$BH$9<BA$9)*($AV$10:$AV$21>$AV11)*$I$10:$T$21)))*($AU11>0)*(SUM(INDEX($I$10:$T$21,0,BA$9))>0)} -> 12587 | BB11: {=(SUM(($AW$9:$BH$9<BB$9)*($AV$10:$AV$21<$AV11)*$I$10:$T$21)+SUM(($AW$9:$BH$9>BB$9)*($AV$10:$AV$21>$AV11)*$I$10:$T$21)-(SUM(($AW$9:$BH$9>BB$9)*($AV$10:$AV$21<$AV11)*$I$10:$T$21)+SUM(($AW$9:$BH$9<BB$9)*($AV$10:$AV$21>$AV11)*$I$10:$T$21)))*($AU11>0)*(SUM(INDEX($I$10:$T$21,0,BB$9))>0)} -> 12257 | BC11: {=(SUM(($AW$9:$BH$9<BC$9)*($AV$10:$AV$21<$AV11)*$I$10:$T$21)+SUM(($AW$9:$BH$9>BC$9)*($AV$10:$AV$21>$AV11)*$I$10:$T$21)-(SUM(($AW$9:$BH$9>BC$9)*($AV$10:$AV$21<$AV11)*$I$10:$T$21)+SUM(($AW$9:$BH$9<BC$9)*($AV$10:$AV$21>$AV11)*$I$10:$T$21)))*($AU11>0)*(SUM(INDEX($I$10:$T$21,0,BC$9))>0)} -> 12196 | BD11: {=(SUM(($AW$9:$BH$9<BD$9)*($AV$10:$AV$21<$AV11)*$I$10:$T$21)+SUM(($AW$9:$BH$9>BD$9)*($AV$10:$AV$21>$AV11)*$I$10:$T$21)-(SUM(($AW$9:$BH$9>BD$9)*($AV$10:$AV$21<$AV11)*$I$10:$T$21)+SUM(($AW$9:$BH$9<BD$9)*($AV$10:$AV$21>$AV11)*$I$10:$T$21)))*($AU11>0)*(SUM(INDEX($I$10:$T$21,0,BD$9))>0)} -> 12078 | ... BH11: {=(SUM(($AW$9:$BH$9<BH$9)*($AV$10:$AV$21<$AV11)*$I$10:$T$21)+SUM(($AW$9:$BH$9>BH$9)*($AV$10:$AV$21>$AV11)*$I$10:$T$21)-(SUM(($AW$9:$BH$9>BH$9)*($AV$10:$AV$21<$AV11)*$I$10:$T$21)+SUM(($AW$9:$BH$9<BH$9)*($AV$10:$AV$21>$AV11)*$I$10:$T$21)))*($AU11>0)*(SUM(INDEX($I$10:$T$21,0,BH$9))>0)} -> -18237
B12: 203 | C12: Segment 3 | D12: [10%,20%) | I12: 448 | J12: 500 | K12: 10 | L12: 6 | M12: 65 | N12: 0 | O12: 1 | P12: 0 | Q12: 1 | R12: 56 | S12: 354 | T12: 0 | Y12: =IF(COUNTA(E12:W12)=0,"",IF(AND('2.0'!E12=0,COUNTA(H12:W12)>0),"NOT OK",IF(OR(AA12="NOT OK",AB12="NOT OK",AJ12="NOT OK"),"NOT OK",IF(AND(OR(AE12="WARNING",AH12="WARNING"),E12>0),"WARNING","OK")))) -> NOT OK | Z12: =IF(OR(COUNTA(E12:W12)=0,AND('2.0'!E12=0,COUNTA(F12:W12)=0)),"",IF(AND(E12=0,COUNTA(H12:W12)>0),"As number of facilities is zero, please leave columns H to W empty.",IF(AA12="NOT OK","Row incomplete. Check if zeros values are missing in the row.",IF(AB12="NOT OK","The number of facilities in buckets does not sum up to the total number.",IF(AJ12="NOT OK","The p-value of t-Test differs from ECB calculation.",IF(AE12="WARNING","The average LGD^R seems implausible with the given LGD realisation.",IF(AH12="WARNING","The variance of the LGD seems implausible with the given realisation.",""))))))) -> As number of facilities is zero, please leave columns H to W empty. | AA12: =IF(OR(E12=0,COUNTA(E12:W12)=0),"",IF(COUNTA(E12:W12)>=18,"OK",IF('2.0'!E12=1,IF(COUNTA(E12:W12)=15,"OK","NOT OK"),"NOT OK"))) | AB12: =IF(COUNTA(E12:W12)=0,"",IF('2.0'!E12=SUM(I12:T12),"OK","NOT OK")) -> NOT OK | AC12: {=IFERROR(SUM(I12:T12*TRANSPOSE($AK$10:$AK$21))/SUM(I12:T12),"")} -> 0.28542679 | AD12: {=IFERROR(SUM(I12:T12*TRANSPOSE($AL$10:$AL$21))/SUM(I12:T12),"")} -> 0.35253296 | AE12: =IF(COUNTA(H12:W12)=0,"",IFERROR(IF(AND('2.0'!H12>=AC12,H12<=AD12),"OK","WARNING"),"")) -> WARNING | AF12: =IF(COUNTA(H12:W12)=0,"",IFERROR('2.0'!AP33,"")) -> 0.22969444 | AG12: =IF(COUNTA(H12:W12)=0,"",IFERROR('2.0'!AO33,"")) -> 0.29015278 | AH12: =IF(COUNTA(H12:W12)=0,"",IFERROR(IF(AND('2.0'!U12>=AF12,U12<=AG12),"OK","WARNING"),"")) -> WARNING | AI12: =IFERROR(IF(COUNTA(E12:W12)=0,"",1-_xlfn.T.DIST(SQRT(E12)*(H12-G12)/SQRT('2.0'!U12),E12-1,TRUE)),"") | AJ12: =IFERROR(IF(COUNTA(E12:W12)=0,"",IF(ABS('2.0'!W12-AI12)>0.00001,"NOT OK","OK")),"") | AK12: 0.1 | AL12: 0.2 | AM12: 0.15 | AR12: gAUC | AS12: {=(AS11+1)/2} -> 0.67426148 | AU12: =SUM(I12:T12) -> 1441 | AV12: 3 | AW12: {=(SUM(($AW$9:$BH$9<AW$9)*($AV$10:$AV$21<$AV12)*$I$10:$T$21)+SUM(($AW$9:$BH$9>AW$9)*($AV$10:$AV$21>$AV12)*$I$10:$T$21)-(SUM(($AW$9:$BH$9>AW$9)*($AV$10:$AV$21<$AV12)*$I$10:$T$21)+SUM(($AW$9:$BH$9<AW$9)*($AV$10:$AV$21>$AV12)*$I$10:$T$21)))*($AU12>0)*(SUM(INDEX($I$10:$T$21,0,AW$9))>0)} -> 16229 | AX12: {=(SUM(($AW$9:$BH$9<AX$9)*($AV$10:$AV$21<$AV12)*$I$10:$T$21)+SUM(($AW$9:$BH$9>AX$9)*($AV$10:$AV$21>$AV12)*$I$10:$T$21)-(SUM(($AW$9:$BH$9>AX$9)*($AV$10:$AV$21<$AV12)*$I$10:$T$21)+SUM(($AW$9:$BH$9<AX$9)*($AV$10:$AV$21>$AV12)*$I$10:$T$21)))*($AU12>0)*(SUM(INDEX($I$10:$T$21,0,AX$9))>0)} -> 14917 | AY12: {=(SUM(($AW$9:$BH$9<AY$9)*($AV$10:$AV$21<$AV12)*$I$10:$T$21)+SUM(($AW$9:$BH$9>AY$9)*($AV$10:$AV$21>$AV12)*$I$10:$T$21)-(SUM(($AW$9:$BH$9>AY$9)*($AV$10:$AV$21<$AV12)*$I$10:$T$21)+SUM(($AW$9:$BH$9<AY$9)*($AV$10:$AV$21>$AV12)*$I$10:$T$21)))*($AU12>0)*(SUM(INDEX($I$10:$T$21,0,AY$9))>0)} -> 14685 | AZ12: {=(SUM(($AW$9:$BH$9<AZ$9)*($AV$10:$AV$21<$AV12)*$I$10:$T$21)+SUM(($AW$9:$BH$9>AZ$9)*($AV$10:$AV$21>$AV12)*$I$10:$T$21)-(SUM(($AW$9:$BH$9>AZ$9)*($AV$10:$AV$21<$AV12)*$I$10:$T$21)+SUM(($AW$9:$BH$9<AZ$9)*($AV$10:$AV$21>$AV12)*$I$10:$T$21)))*($AU12>0)*(SUM(INDEX($I$10:$T$21,0,AZ$9))>0)} -> 14539 | BA12: {=(SUM(($AW$9:$BH$9<BA$9)*($AV$10:$AV$21<$AV12)*$I$10:$T$21)+SUM(($AW$9:$BH$9>BA$9)*($AV$10:$AV$21>$AV12)*$I$10:$T$21)-(SUM(($AW$9:$BH$9>BA$9)*($AV$10:$AV$21<$AV12)*$I$10:$T$21)+SUM(($AW$9:$BH$9<BA$9)*($AV$10:$AV$21>$AV12)*$I$10:$T$21)))*($AU12>0)*(SUM(INDEX($I$10:$T$21,0,BA$9))>0)} -> 14146 | BB12: {=(SUM(($AW$9:$BH$9<BB$9)*($AV$10:$AV$21<$AV12)*$I$10:$T$21)+SUM(($AW$9:$BH$9>BB$9)*($AV$10:$AV$21>$AV12)*$I$10:$T$21)-(SUM(($AW$9:$BH$9>BB$9)*($AV$10:$AV$21<$AV12)*$I$10:$T$21)+SUM(($AW$9:$BH$9<BB$9)*($AV$10:$AV$21>$AV12)*$I$10:$T$21)))*($AU12>0)*(SUM(INDEX($I$10:$T$21,0,BB$9))>0)} -> 13889 | BC12: {=(SUM(($AW$9:$BH$9<BC$9)*($AV$10:$AV$21<$AV12)*$I$10:$T$21)+SUM(($AW$9:$BH$9>BC$9)*($AV$10:$AV$21>$AV12)*$I$10:$T$21)-(SUM(($AW$9:$BH$9>BC$9)*($AV$10:$AV$21<$AV12)*$I$10:$T$21)+SUM(($AW$9:$BH$9<BC$9)*($AV$10:$AV$21>$AV12)*$I$10:$T$21)))*($AU12>0)*(SUM(INDEX($I$10:$T$21,0,BC$9))>0)} -> 13829 | BD12: {=(SUM(($AW$9:$BH$9<BD$9)*($AV$10:$AV$21<$AV12)*$I$10:$T$21)+SUM(($AW$9:$BH$9>BD$9)*($AV$10:$AV$21>$AV12)*$I$10:$T$21)-(SUM(($AW$9:$BH$9>BD$9)*($AV$10:$AV$21<$AV12)*$I$10:$T$21)+SUM(($AW$9:$BH$9<BD$9)*($AV$10:$AV$21>$AV12)*$I$10:$T$21)))*($AU12>0)*(SUM(INDEX($I$10:$T$21,0,BD$9))>0)} -> 13712 | ... BH12: {=(SUM(($AW$9:$BH$9<BH$9)*($AV$10:$AV$21<$AV12)*$I$10:$T$21)+SUM(($AW$9:$BH$9>BH$9)*($AV$10:$AV$21>$AV12)*$I$10:$T$21)-(SUM(($AW$9:$BH$9>BH$9)*($AV$10:$AV$21<$AV12)*$I$10:$T$21)+SUM(($AW$9:$BH$9<BH$9)*($AV$10:$AV$21>$AV12)*$I$10:$T$21)))*($AU12>0)*(SUM(INDEX($I$10:$T$21,0,BH$9))>0)} -> -15301
B13: 204 | C13: Segment 4 | D13: [20%,30%) | I13: 1530 | J13: 50 | K13: 140 | L13: 70 | M13: 45 | N13: 0 | O13: 5 | P13: 9 | Q13: 20 | R13: 0 | S13: 9 | T13: 0 | Y13: =IF(COUNTA(E13:W13)=0,"",IF(AND('2.0'!E13=0,COUNTA(H13:W13)>0),"NOT OK",IF(OR(AA13="NOT OK",AB13="NOT OK",AJ13="NOT OK"),"NOT OK",IF(AND(OR(AE13="WARNING",AH13="WARNING"),E13>0),"WARNING","OK")))) -> NOT OK | Z13: =IF(OR(COUNTA(E13:W13)=0,AND('2.0'!E13=0,COUNTA(F13:W13)=0)),"",IF(AND(E13=0,COUNTA(H13:W13)>0),"As number of facilities is zero, please leave columns H to W empty.",IF(AA13="NOT OK","Row incomplete. Check if zeros values are missing in the row.",IF(AB13="NOT OK","The number of facilities in buckets does not sum up to the total number.",IF(AJ13="NOT OK","The p-value of t-Test differs from ECB calculation.",IF(AE13="WARNING","The average LGD^R seems implausible with the given LGD realisation.",IF(AH13="WARNING","The variance of the LGD seems implausible with the given realisation.",""))))))) -> As number of facilities is zero, please leave columns H to W empty. | AA13: =IF(OR(E13=0,COUNTA(E13:W13)=0),"",IF(COUNTA(E13:W13)>=18,"OK",IF('2.0'!E13=1,IF(COUNTA(E13:W13)=15,"OK","NOT OK"),"NOT OK"))) | AB13: =IF(COUNTA(E13:W13)=0,"",IF('2.0'!E13=SUM(I13:T13),"OK","NOT OK")) -> NOT OK | AC13: {=IFERROR(SUM(I13:T13*TRANSPOSE($AK$10:$AK$21))/SUM(I13:T13),"")} -> 0.039403621 | AD13: {=IFERROR(SUM(I13:T13*TRANSPOSE($AL$10:$AL$21))/SUM(I13:T13),"")} -> 0.097337593 | AE13: =IF(COUNTA(H13:W13)=0,"",IFERROR(IF(AND('2.0'!H13>=AC13,H13<=AD13),"OK","WARNING"),"")) -> WARNING | AF13: =IF(COUNTA(H13:W13)=0,"",IFERROR('2.0'!AP34,"")) -> 0.015958977 | AG13: =IF(COUNTA(H13:W13)=0,"",IFERROR('2.0'!AO34,"")) -> 0.02740277 | AH13: =IF(COUNTA(H13:W13)=0,"",IFERROR(IF(AND('2.0'!U13>=AF13,U13<=AG13),"OK","WARNING"),"")) -> WARNING | AI13: =IFERROR(IF(COUNTA(E13:W13)=0,"",1-_xlfn.T.DIST(SQRT(E13)*(H13-G13)/SQRT('2.0'!U13),E13-1,TRUE)),"") | AJ13: =IFERROR(IF(COUNTA(E13:W13)=0,"",IF(ABS('2.0'!W13-AI13)>0.00001,"NOT OK","OK")),"") | AK13: 0.2 | AL13: 0.3 | AM13: 0.25 | AR13: s | AS13: {=1/POWER($AS$9,2)*SQRT(SUM($I$10:$T$21*POWER($AS$9*AW10:BH21-$AS$10*($AS$8-$AU$10:$AU$21),2)))} -> 0.0021621099 | AU13: =SUM(I13:T13) -> 1878 | AV13: 4 | AW13: {=(SUM(($AW$9:$BH$9<AW$9)*($AV$10:$AV$21<$AV13)*$I$10:$T$21)+SUM(($AW$9:$BH$9>AW$9)*($AV$10:$AV$21>$AV13)*$I$10:$T$21)-(SUM(($AW$9:$BH$9>AW$9)*($AV$10:$AV$21<$AV13)*$I$10:$T$21)+SUM(($AW$9:$BH$9<AW$9)*($AV$10:$AV$21>$AV13)*$I$10:$T$21)))*($AU13>0)*(SUM(INDEX($I$10:$T$21,0,AW$9))>0)} -> 14888 | AX13: {=(SUM(($AW$9:$BH$9<AX$9)*($AV$10:$AV$21<$AV13)*$I$10:$T$21)+SUM(($AW$9:$BH$9>AX$9)*($AV$10:$AV$21>$AV13)*$I$10:$T$21)-(SUM(($AW$9:$BH$9>AX$9)*($AV$10:$AV$21<$AV13)*$I$10:$T$21)+SUM(($AW$9:$BH$9<AX$9)*($AV$10:$AV$21>$AV13)*$I$10:$T$21)))*($AU13>0)*(SUM(INDEX($I$10:$T$21,0,AX$9))>0)} -> 16104 | AY13: {=(SUM(($AW$9:$BH$9<AY$9)*($AV$10:$AV$21<$AV13)*$I$10:$T$21)+SUM(($AW$9:$BH$9>AY$9)*($AV$10:$AV$21>$AV13)*$I$10:$T$21)-(SUM(($AW$9:$BH$9>AY$9)*($AV$10:$AV$21<$AV13)*$I$10:$T$21)+SUM(($AW$9:$BH$9<AY$9)*($AV$10:$AV$21>$AV13)*$I$10:$T$21)))*($AU13>0)*(SUM(INDEX($I$10:$T$21,0,AY$9))>0)} -> 16572 | AZ13: {=(SUM(($AW$9:$BH$9<AZ$9)*($AV$10:$AV$21<$AV13)*$I$10:$T$21)+SUM(($AW$9:$BH$9>AZ$9)*($AV$10:$AV$21>$AV13)*$I$10:$T$21)-(SUM(($AW$9:$BH$9>AZ$9)*($AV$10:$AV$21<$AV13)*$I$10:$T$21)+SUM(($AW$9:$BH$9<AZ$9)*($AV$10:$AV$21>$AV13)*$I$10:$T$21)))*($AU13>0)*(SUM(INDEX($I$10:$T$21,0,AZ$9))>0)} -> 16652 | BA13: {=(SUM(($AW$9:$BH$9<BA$9)*($AV$10:$AV$21<$AV13)*$I$10:$T$21)+SUM(($AW$9:$BH$9>BA$9)*($AV$10:$AV$21>$AV13)*$I$10:$T$21)-(SUM(($AW$9:$BH$9>BA$9)*($AV$10:$AV$21<$AV13)*$I$10:$T$21)+SUM(($AW$9:$BH$9<BA$9)*($AV$10:$AV$21>$AV13)*$I$10:$T$21)))*($AU13>0)*(SUM(INDEX($I$10:$T$21,0,BA$9))>0)} -> 16445 | BB13: {=(SUM(($AW$9:$BH$9<BB$9)*($AV$10:$AV$21<$AV13)*$I$10:$T$21)+SUM(($AW$9:$BH$9>BB$9)*($AV$10:$AV$21>$AV13)*$I$10:$T$21)-(SUM(($AW$9:$BH$9>BB$9)*($AV$10:$AV$21<$AV13)*$I$10:$T$21)+SUM(($AW$9:$BH$9<BB$9)*($AV$10:$AV$21>$AV13)*$I$10:$T$21)))*($AU13>0)*(SUM(INDEX($I$10:$T$21,0,BB$9))>0)} -> 16298 | BC13: {=(SUM(($AW$9:$BH$9<BC$9)*($AV$10:$AV$21<$AV13)*$I$10:$T$21)+SUM(($AW$9:$BH$9>BC$9)*($AV$10:$AV$21>$AV13)*$I$10:$T$21)-(SUM(($AW$9:$BH$9>BC$9)*($AV$10:$AV$21<$AV13)*$I$10:$T$21)+SUM(($AW$9:$BH$9<BC$9)*($AV$10:$AV$21>$AV13)*$I$10:$T$21)))*($AU13>0)*(SUM(INDEX($I$10:$T$21,0,BC$9))>0)} -> 16244 | BD13: {=(SUM(($AW$9:$BH$9<BD$9)*($AV$10:$AV$21<$AV13)*$I$10:$T$21)+SUM(($AW$9:$BH$9>BD$9)*($AV$10:$AV$21>$AV13)*$I$10:$T$21)-(SUM(($AW$9:$BH$9>BD$9)*($AV$10:$AV$21<$AV13)*$I$10:$T$21)+SUM(($AW$9:$BH$9<BD$9)*($AV$10:$AV$21>$AV13)*$I$10:$T$21)))*($AU13>0)*(SUM(INDEX($I$10:$T$21,0,BD$9))>0)} -> 16142 | ... BH13: {=(SUM(($AW$9:$BH$9<BH$9)*($AV$10:$AV$21<$AV13)*$I$10:$T$21)+SUM(($AW$9:$BH$9>BH$9)*($AV$10:$AV$21>$AV13)*$I$10:$T$21)-(SUM(($AW$9:$BH$9>BH$9)*($AV$10:$AV$21<$AV13)*$I$10:$T$21)+SUM(($AW$9:$BH$9<BH$9)*($AV$10:$AV$21>$AV13)*$I$10:$T$21)))*($AU13>0)*(SUM(INDEX($I$10:$T$21,0,BH$9))>0)} -> -11982
B14: 205 | C14: Segment 5 | D14: [30%,40%) | I14: 200 | J14: 100 | K14: 10 | L14: 10 | M14: 80 | N14: 7 | O14: 3 | P14: 15 | Q14: 34 | R14: 5 | S14: 604 | T14: 0 | Y14: =IF(COUNTA(E14:W14)=0,"",IF(AND('2.0'!E14=0,COUNTA(H14:W14)>0),"NOT OK",IF(OR(AA14="NOT OK",AB14="NOT OK",AJ14="NOT OK"),"NOT OK",IF(AND(OR(AE14="WARNING",AH14="WARNING"),E14>0),"WARNING","OK")))) -> NOT OK | Z14: =IF(OR(COUNTA(E14:W14)=0,AND('2.0'!E14=0,COUNTA(F14:W14)=0)),"",IF(AND(E14=0,COUNTA(H14:W14)>0),"As number of facilities is zero, please leave columns H to W empty.",IF(AA14="NOT OK","Row incomplete. Check if zeros values are missing in the row.",IF(AB14="NOT OK","The number of facilities in buckets does not sum up to the total number.",IF(AJ14="NOT OK","The p-value of t-Test differs from ECB calculation.",IF(AE14="WARNING","The average LGD^R seems implausible with the given LGD realisation.",IF(AH14="WARNING","The variance of the LGD seems implausible with the given realisation.",""))))))) -> As number of facilities is zero, please leave columns H to W empty. | AA14: =IF(OR(E14=0,COUNTA(E14:W14)=0),"",IF(COUNTA(E14:W14)>=18,"OK",IF('2.0'!E14=1,IF(COUNTA(E14:W14)=15,"OK","NOT OK"),"NOT OK"))) | AB14: =IF(COUNTA(E14:W14)=0,"",IF('2.0'!E14=SUM(I14:T14),"OK","NOT OK")) -> NOT OK | AC14: {=IFERROR(SUM(I14:T14*TRANSPOSE($AK$10:$AK$21))/SUM(I14:T14),"")} -> 0.57743446 | AD14: {=IFERROR(SUM(I14:T14*TRANSPOSE($AL$10:$AL$21))/SUM(I14:T14),"")} -> 0.66338951 | AE14: =IF(COUNTA(H14:W14)=0,"",IFERROR(IF(AND('2.0'!H14>=AC14,H14<=AD14),"OK","WARNING"),"")) -> WARNING | AF14: =IF(COUNTA(H14:W14)=0,"",IFERROR('2.0'!AP35,"")) -> 0.49139644 | AG14: =IF(COUNTA(H14:W14)=0,"",IFERROR('2.0'!AO35,"")) -> 0.61442362 | AH14: =IF(COUNTA(H14:W14)=0,"",IFERROR(IF(AND('2.0'!U14>=AF14,U14<=AG14),"OK","WARNING"),"")) -> WARNING | AI14: =IFERROR(IF(COUNTA(E14:W14)=0,"",1-_xlfn.T.DIST(SQRT(E14)*(H14-G14)/SQRT('2.0'!U14),E14-1,TRUE)),"") | AJ14: =IFERROR(IF(COUNTA(E14:W14)=0,"",IF(ABS('2.0'!W14-AI14)>0.00001,"NOT OK","OK")),"") | AK14: 0.3 | AL14: 0.4 | AM14: 0.35 | AU14: =SUM(I14:T14) -> 1068 | AV14: 5 | AW14: {=(SUM(($AW$9:$BH$9<AW$9)*($AV$10:$AV$21<$AV14)*$I$10:$T$21)+SUM(($AW$9:$BH$9>AW$9)*($AV$10:$AV$21>$AV14)*$I$10:$T$21)-(SUM(($AW$9:$BH$9>AW$9)*($AV$10:$AV$21<$AV14)*$I$10:$T$21)+SUM(($AW$9:$BH$9<AW$9)*($AV$10:$AV$21>$AV14)*$I$10:$T$21)))*($AU14>0)*(SUM(INDEX($I$10:$T$21,0,AW$9))>0)} -> 13672 | AX14: {=(SUM(($AW$9:$BH$9<AX$9)*($AV$10:$AV$21<$AV14)*$I$10:$T$21)+SUM(($AW$9:$BH$9>AX$9)*($AV$10:$AV$21>$AV14)*$I$10:$T$21)-(SUM(($AW$9:$BH$9>AX$9)*($AV$10:$AV$21<$AV14)*$I$10:$T$21)+SUM(($AW$9:$BH$9<AX$9)*($AV$10:$AV$21>$AV14)*$I$10:$T$21)))*($AU14>0)*(SUM(INDEX($I$10:$T$21,0,AX$9))>0)} -> 16768 | AY14: {=(SUM(($AW$9:$BH$9<AY$9)*($AV$10:$AV$21<$AV14)*$I$10:$T$21)+SUM(($AW$9:$BH$9>AY$9)*($AV$10:$AV$21>$AV14)*$I$10:$T$21)-(SUM(($AW$9:$BH$9>AY$9)*($AV$10:$AV$21<$AV14)*$I$10:$T$21)+SUM(($AW$9:$BH$9<AY$9)*($AV$10:$AV$21>$AV14)*$I$10:$T$21)))*($AU14>0)*(SUM(INDEX($I$10:$T$21,0,AY$9))>0)} -> 17536 | AZ14: {=(SUM(($AW$9:$BH$9<AZ$9)*($AV$10:$AV$21<$AV14)*$I$10:$T$21)+SUM(($AW$9:$BH$9>AZ$9)*($AV$10:$AV$21>$AV14)*$I$10:$T$21)-(SUM(($AW$9:$BH$9>AZ$9)*($AV$10:$AV$21<$AV14)*$I$10:$T$21)+SUM(($AW$9:$BH$9<AZ$9)*($AV$10:$AV$21>$AV14)*$I$10:$T$21)))*($AU14>0)*(SUM(INDEX($I$10:$T$21,0,AZ$9))>0)} -> 17846 | BA14: {=(SUM(($AW$9:$BH$9<BA$9)*($AV$10:$AV$21<$AV14)*$I$10:$T$21)+SUM(($AW$9:$BH$9>BA$9)*($AV$10:$AV$21>$AV14)*$I$10:$T$21)-(SUM(($AW$9:$BH$9>BA$9)*($AV$10:$AV$21<$AV14)*$I$10:$T$21)+SUM(($AW$9:$BH$9<BA$9)*($AV$10:$AV$21>$AV14)*$I$10:$T$21)))*($AU14>0)*(SUM(INDEX($I$10:$T$21,0,BA$9))>0)} -> 17844 | BB14: {=(SUM(($AW$9:$BH$9<BB$9)*($AV$10:$AV$21<$AV14)*$I$10:$T$21)+SUM(($AW$9:$BH$9>BB$9)*($AV$10:$AV$21>$AV14)*$I$10:$T$21)-(SUM(($AW$9:$BH$9>BB$9)*($AV$10:$AV$21<$AV14)*$I$10:$T$21)+SUM(($AW$9:$BH$9<BB$9)*($AV$10:$AV$21>$AV14)*$I$10:$T$21)))*($AU14>0)*(SUM(INDEX($I$10:$T$21,0,BB$9))>0)} -> 17829 | BC14: {=(SUM(($AW$9:$BH$9<BC$9)*($AV$10:$AV$21<$AV14)*$I$10:$T$21)+SUM(($AW$9:$BH$9>BC$9)*($AV$10:$AV$21>$AV14)*$I$10:$T$21)-(SUM(($AW$9:$BH$9>BC$9)*($AV$10:$AV$21<$AV14)*$I$10:$T$21)+SUM(($AW$9:$BH$9<BC$9)*($AV$10:$AV$21>$AV14)*$I$10:$T$21)))*($AU14>0)*(SUM(INDEX($I$10:$T$21,0,BC$9))>0)} -> 17790 | BD14: {=(SUM(($AW$9:$BH$9<BD$9)*($AV$10:$AV$21<$AV14)*$I$10:$T$21)+SUM(($AW$9:$BH$9>BD$9)*($AV$10:$AV$21>$AV14)*$I$10:$T$21)-(SUM(($AW$9:$BH$9>BD$9)*($AV$10:$AV$21<$AV14)*$I$10:$T$21)+SUM(($AW$9:$BH$9<BD$9)*($AV$10:$AV$21>$AV14)*$I$10:$T$21)))*($AU14>0)*(SUM(INDEX($I$10:$T$21,0,BD$9))>0)} -> 17720 | ... BH14: {=(SUM(($AW$9:$BH$9<BH$9)*($AV$10:$AV$21<$AV14)*$I$10:$T$21)+SUM(($AW$9:$BH$9>BH$9)*($AV$10:$AV$21>$AV14)*$I$10:$T$21)-(SUM(($AW$9:$BH$9>BH$9)*($AV$10:$AV$21<$AV14)*$I$10:$T$21)+SUM(($AW$9:$BH$9<BH$9)*($AV$10:$AV$21>$AV14)*$I$10:$T$21)))*($AU14>0)*(SUM(INDEX($I$10:$T$21,0,BH$9))>0)} -> -9036
B15: 206 | C15: Segment 6 | D15: [40%,50%) | I15: 584 | J15: 120 | K15: 104 | L15: 50 | M15: 40 | N15: 1 | O15: 7 | P15: 2 | Q15: 87 | R15: 67 | S15: 364 | T15: 0 | Y15: =IF(COUNTA(E15:W15)=0,"",IF(AND('2.0'!E15=0,COUNTA(H15:W15)>0),"NOT OK",IF(OR(AA15="NOT OK",AB15="NOT OK",AJ15="NOT OK"),"NOT OK",IF(AND(OR(AE15="WARNING",AH15="WARNING"),E15>0),"WARNING","OK")))) -> NOT OK | Z15: =IF(OR(COUNTA(E15:W15)=0,AND('2.0'!E15=0,COUNTA(F15:W15)=0)),"",IF(AND(E15=0,COUNTA(H15:W15)>0),"As number of facilities is zero, please leave columns H to W empty.",IF(AA15="NOT OK","Row incomplete. Check if zeros values are missing in the row.",IF(AB15="NOT OK","The number of facilities in buckets does not sum up to the total number.",IF(AJ15="NOT OK","The p-value of t-Test differs from ECB calculation.",IF(AE15="WARNING","The average LGD^R seems implausible with the given LGD realisation.",IF(AH15="WARNING","The variance of the LGD seems implausible with the given realisation.",""))))))) -> As number of facilities is zero, please leave columns H to W empty. | AA15: =IF(OR(E15=0,COUNTA(E15:W15)=0),"",IF(COUNTA(E15:W15)>=18,"OK",IF('2.0'!E15=1,IF(COUNTA(E15:W15)=15,"OK","NOT OK"),"NOT OK"))) | AB15: =IF(COUNTA(E15:W15)=0,"",IF('2.0'!E15=SUM(I15:T15),"OK","NOT OK")) -> NOT OK | AC15: {=IFERROR(SUM(I15:T15*TRANSPOSE($AK$10:$AK$21))/SUM(I15:T15),"")} -> 0.34053296 | AD15: {=IFERROR(SUM(I15:T15*TRANSPOSE($AL$10:$AL$21))/SUM(I15:T15),"")} -> 0.41584853 | AE15: =IF(COUNTA(H15:W15)=0,"",IFERROR(IF(AND('2.0'!H15>=AC15,H15<=AD15),"OK","WARNING"),"")) -> WARNING | AF15: =IF(COUNTA(H15:W15)=0,"",IFERROR('2.0'!AP36,"")) -> 0.27362807 | AG15: =IF(COUNTA(H15:W15)=0,"",IFERROR('2.0'!AO36,"")) -> 0.34766316 | AH15: =IF(COUNTA(H15:W15)=0,"",IFERROR(IF(AND('2.0'!U15>=AF15,U15<=AG15),"OK","WARNING"),"")) -> WARNING | AI15: =IFERROR(IF(COUNTA(E15:W15)=0,"",1-_xlfn.T.DIST(SQRT(E15)*(H15-G15)/SQRT('2.0'!U15),E15-1,TRUE)),"") | AJ15: =IFERROR(IF(COUNTA(E15:W15)=0,"",IF(ABS('2.0'!W15-AI15)>0.00001,"NOT OK","OK")),"") | AK15: 0.4 | AL15: 0.5 | AM15: 0.45 | AU15: =SUM(I15:T15) -> 1426 | AV15: 6 | AW15: {=(SUM(($AW$9:$BH$9<AW$9)*($AV$10:$AV$21<$AV15)*$I$10:$T$21)+SUM(($AW$9:$BH$9>AW$9)*($AV$10:$AV$21>$AV15)*$I$10:$T$21)-(SUM(($AW$9:$BH$9>AW$9)*($AV$10:$AV$21<$AV15)*$I$10:$T$21)+SUM(($AW$9:$BH$9<AW$9)*($AV$10:$AV$21>$AV15)*$I$10:$T$21)))*($AU15>0)*(SUM(INDEX($I$10:$T$21,0,AW$9))>0)} -> 11962 | AX15: {=(SUM(($AW$9:$BH$9<AX$9)*($AV$10:$AV$21<$AV15)*$I$10:$T$21)+SUM(($AW$9:$BH$9>AX$9)*($AV$10:$AV$21>$AV15)*$I$10:$T$21)-(SUM(($AW$9:$BH$9>AX$9)*($AV$10:$AV$21<$AV15)*$I$10:$T$21)+SUM(($AW$9:$BH$9<AX$9)*($AV$10:$AV$21>$AV15)*$I$10:$T$21)))*($AU15>0)*(SUM(INDEX($I$10:$T$21,0,AX$9))>0)} -> 16062 | AY15: {=(SUM(($AW$9:$BH$9<AY$9)*($AV$10:$AV$21<$AV15)*$I$10:$T$21)+SUM(($AW$9:$BH$9>AY$9)*($AV$10:$AV$21>$AV15)*$I$10:$T$21)-(SUM(($AW$9:$BH$9>AY$9)*($AV$10:$AV$21<$AV15)*$I$10:$T$21)+SUM(($AW$9:$BH$9<AY$9)*($AV$10:$AV$21>$AV15)*$I$10:$T$21)))*($AU15>0)*(SUM(INDEX($I$10:$T$21,0,AY$9))>0)} -> 17164 | AZ15: {=(SUM(($AW$9:$BH$9<AZ$9)*($AV$10:$AV$21<$AV15)*$I$10:$T$21)+SUM(($AW$9:$BH$9>AZ$9)*($AV$10:$AV$21>$AV15)*$I$10:$T$21)-(SUM(($AW$9:$BH$9>AZ$9)*($AV$10:$AV$21<$AV15)*$I$10:$T$21)+SUM(($AW$9:$BH$9<AZ$9)*($AV$10:$AV$21>$AV15)*$I$10:$T$21)))*($AU15>0)*(SUM(INDEX($I$10:$T$21,0,AZ$9))>0)} -> 17648 | BA15: {=(SUM(($AW$9:$BH$9<BA$9)*($AV$10:$AV$21<$AV15)*$I$10:$T$21)+SUM(($AW$9:$BH$9>BA$9)*($AV$10:$AV$21>$AV15)*$I$10:$T$21)-(SUM(($AW$9:$BH$9>BA$9)*($AV$10:$AV$21<$AV15)*$I$10:$T$21)+SUM(($AW$9:$BH$9<BA$9)*($AV$10:$AV$21>$AV15)*$I$10:$T$21)))*($AU15>0)*(SUM(INDEX($I$10:$T$21,0,BA$9))>0)} -> 17826 | BB15: {=(SUM(($AW$9:$BH$9<BB$9)*($AV$10:$AV$21<$AV15)*$I$10:$T$21)+SUM(($AW$9:$BH$9>BB$9)*($AV$10:$AV$21>$AV15)*$I$10:$T$21)-(SUM(($AW$9:$BH$9>BB$9)*($AV$10:$AV$21<$AV15)*$I$10:$T$21)+SUM(($AW$9:$BH$9<BB$9)*($AV$10:$AV$21>$AV15)*$I$10:$T$21)))*($AU15>0)*(SUM(INDEX($I$10:$T$21,0,BB$9))>0)} -> 17939 | BC15: {=(SUM(($AW$9:$BH$9<BC$9)*($AV$10:$AV$21<$AV15)*$I$10:$T$21)+SUM(($AW$9:$BH$9>BC$9)*($AV$10:$AV$21>$AV15)*$I$10:$T$21)-(SUM(($AW$9:$BH$9>BC$9)*($AV$10:$AV$21<$AV15)*$I$10:$T$21)+SUM(($AW$9:$BH$9<BC$9)*($AV$10:$AV$21>$AV15)*$I$10:$T$21)))*($AU15>0)*(SUM(INDEX($I$10:$T$21,0,BC$9))>0)} -> 17918 | BD15: {=(SUM(($AW$9:$BH$9<BD$9)*($AV$10:$AV$21<$AV15)*$I$10:$T$21)+SUM(($AW$9:$BH$9>BD$9)*($AV$10:$AV$21>$AV15)*$I$10:$T$21)-(SUM(($AW$9:$BH$9>BD$9)*($AV$10:$AV$21<$AV15)*$I$10:$T$21)+SUM(($AW$9:$BH$9<BD$9)*($AV$10:$AV$21>$AV15)*$I$10:$T$21)))*($AU15>0)*(SUM(INDEX($I$10:$T$21,0,BD$9))>0)} -> 17875 | ... BH15: {=(SUM(($AW$9:$BH$9<BH$9)*($AV$10:$AV$21<$AV15)*$I$10:$T$21)+SUM(($AW$9:$BH$9>BH$9)*($AV$10:$AV$21>$AV15)*$I$10:$T$21)-(SUM(($AW$9:$BH$9>BH$9)*($AV$10:$AV$21<$AV15)*$I$10:$T$21)+SUM(($AW$9:$BH$9<BH$9)*($AV$10:$AV$21>$AV15)*$I$10:$T$21)))*($AU15>0)*(SUM(INDEX($I$10:$T$21,0,BH$9))>0)} -> -6542
B16: 207 | C16: Segment 7 | D16: [50%,60%) | I16: 25 | J16: 30 | K16: 20 | L16: 19 | M16: 55 | N16: 7 | O16: 15 | P16: 20 | Q16: 35 | R16: 15 | S16: 699 | T16: 8 | Y16: =IF(COUNTA(E16:W16)=0,"",IF(AND('2.0'!E16=0,COUNTA(H16:W16)>0),"NOT OK",IF(OR(AA16="NOT OK",AB16="NOT OK",AJ16="NOT OK"),"NOT OK",IF(AND(OR(AE16="WARNING",AH16="WARNING"),E16>0),"WARNING","OK")))) -> NOT OK | Z16: =IF(OR(COUNTA(E16:W16)=0,AND('2.0'!E16=0,COUNTA(F16:W16)=0)),"",IF(AND(E16=0,COUNTA(H16:W16)>0),"As number of facilities is zero, please leave columns H to W empty.",IF(AA16="NOT OK","Row incomplete. Check if zeros values are missing in the row.",IF(AB16="NOT OK","The number of facilities in buckets does not sum up to the total number.",IF(AJ16="NOT OK","The p-value of t-Test differs from ECB calculation.",IF(AE16="WARNING","The average LGD^R seems implausible with the given LGD realisation.",IF(AH16="WARNING","The variance of the LGD seems implausible with the given realisation.",""))))))) -> As number of facilities is zero, please leave columns H to W empty. | AA16: =IF(OR(E16=0,COUNTA(E16:W16)=0),"",IF(COUNTA(E16:W16)>=18,"OK",IF('2.0'!E16=1,IF(COUNTA(E16:W16)=15,"OK","NOT OK"),"NOT OK"))) | AB16: =IF(COUNTA(E16:W16)=0,"",IF('2.0'!E16=SUM(I16:T16),"OK","NOT OK")) -> NOT OK | AC16: {=IFERROR(SUM(I16:T16*TRANSPOSE($AK$10:$AK$21))/SUM(I16:T16),"")} -> 0.75917722 | AD16: {=IFERROR(SUM(I16:T16*TRANSPOSE($AL$10:$AL$21))/SUM(I16:T16),"")} -> 0.87231013 | AE16: =IF(COUNTA(H16:W16)=0,"",IFERROR(IF(AND('2.0'!H16>=AC16,H16<=AD16),"OK","WARNING"),"")) -> WARNING | AF16: =IF(COUNTA(H16:W16)=0,"",IFERROR('2.0'!AP37,"")) -> 0.6536378 | AG16: =IF(COUNTA(H16:W16)=0,"",IFERROR('2.0'!AO37,"")) -> 0.88085797 | AH16: =IF(COUNTA(H16:W16)=0,"",IFERROR(IF(AND('2.0'!U16>=AF16,U16<=AG16),"OK","WARNING"),"")) -> WARNING | AI16: =IFERROR(IF(COUNTA(E16:W16)=0,"",1-_xlfn.T.DIST(SQRT(E16)*(H16-G16)/SQRT('2.0'!U16),E16-1,TRUE)),"") | AJ16: =IFERROR(IF(COUNTA(E16:W16)=0,"",IF(ABS('2.0'!W16-AI16)>0.00001,"NOT OK","OK")),"") | AK16: 0.5 | AL16: 0.6 | AM16: 0.55 | AU16: =SUM(I16:T16) -> 948 | AV16: 7 | AW16: {=(SUM(($AW$9:$BH$9<AW$9)*($AV$10:$AV$21<$AV16)*$I$10:$T$21)+SUM(($AW$9:$BH$9>AW$9)*($AV$10:$AV$21>$AV16)*$I$10:$T$21)-(SUM(($AW$9:$BH$9>AW$9)*($AV$10:$AV$21<$AV16)*$I$10:$T$21)+SUM(($AW$9:$BH$9<AW$9)*($AV$10:$AV$21>$AV16)*$I$10:$T$21)))*($AU16>0)*(SUM(INDEX($I$10:$T$21,0,AW$9))>0)} -> 10197 | AX16: {=(SUM(($AW$9:$BH$9<AX$9)*($AV$10:$AV$21<$AV16)*$I$10:$T$21)+SUM(($AW$9:$BH$9>AX$9)*($AV$10:$AV$21>$AV16)*$I$10:$T$21)-(SUM(($AW$9:$BH$9>AX$9)*($AV$10:$AV$21<$AV16)*$I$10:$T$21)+SUM(($AW$9:$BH$9<AX$9)*($AV$10:$AV$21>$AV16)*$I$10:$T$21)))*($AU16>0)*(SUM(INDEX($I$10:$T$21,0,AX$9))>0)} -> 15056 | AY16: {=(SUM(($AW$9:$BH$9<AY$9)*($AV$10:$AV$21<$AV16)*$I$10:$T$21)+SUM(($AW$9:$BH$9>AY$9)*($AV$10:$AV$21>$AV16)*$I$10:$T$21)-(SUM(($AW$9:$BH$9>AY$9)*($AV$10:$AV$21<$AV16)*$I$10:$T$21)+SUM(($AW$9:$BH$9<AY$9)*($AV$10:$AV$21>$AV16)*$I$10:$T$21)))*($AU16>0)*(SUM(INDEX($I$10:$T$21,0,AY$9))>0)} -> 16432 | AZ16: {=(SUM(($AW$9:$BH$9<AZ$9)*($AV$10:$AV$21<$AV16)*$I$10:$T$21)+SUM(($AW$9:$BH$9>AZ$9)*($AV$10:$AV$21>$AV16)*$I$10:$T$21)-(SUM(($AW$9:$BH$9>AZ$9)*($AV$10:$AV$21<$AV16)*$I$10:$T$21)+SUM(($AW$9:$BH$9<AZ$9)*($AV$10:$AV$21>$AV16)*$I$10:$T$21)))*($AU16>0)*(SUM(INDEX($I$10:$T$21,0,AZ$9))>0)} -> 17109 | BA16: {=(SUM(($AW$9:$BH$9<BA$9)*($AV$10:$AV$21<$AV16)*$I$10:$T$21)+SUM(($AW$9:$BH$9>BA$9)*($AV$10:$AV$21>$AV16)*$I$10:$T$21)-(SUM(($AW$9:$BH$9>BA$9)*($AV$10:$AV$21<$AV16)*$I$10:$T$21)+SUM(($AW$9:$BH$9<BA$9)*($AV$10:$AV$21>$AV16)*$I$10:$T$21)))*($AU16>0)*(SUM(INDEX($I$10:$T$21,0,BA$9))>0)} -> 17451 | BB16: {=(SUM(($AW$9:$BH$9<BB$9)*($AV$10:$AV$21<$AV16)*$I$10:$T$21)+SUM(($AW$9:$BH$9>BB$9)*($AV$10:$AV$21>$AV16)*$I$10:$T$21)-(SUM(($AW$9:$BH$9>BB$9)*($AV$10:$AV$21<$AV16)*$I$10:$T$21)+SUM(($AW$9:$BH$9<BB$9)*($AV$10:$AV$21>$AV16)*$I$10:$T$21)))*($AU16>0)*(SUM(INDEX($I$10:$T$21,0,BB$9))>0)} -> 17667 | BC16: {=(SUM(($AW$9:$BH$9<BC$9)*($AV$10:$AV$21<$AV16)*$I$10:$T$21)+SUM(($AW$9:$BH$9>BC$9)*($AV$10:$AV$21>$AV16)*$I$10:$T$21)-(SUM(($AW$9:$BH$9>BC$9)*($AV$10:$AV$21<$AV16)*$I$10:$T$21)+SUM(($AW$9:$BH$9<BC$9)*($AV$10:$AV$21>$AV16)*$I$10:$T$21)))*($AU16>0)*(SUM(INDEX($I$10:$T$21,0,BC$9))>0)} -> 17676 | BD16: {=(SUM(($AW$9:$BH$9<BD$9)*($AV$10:$AV$21<$AV16)*$I$10:$T$21)+SUM(($AW$9:$BH$9>BD$9)*($AV$10:$AV$21>$AV16)*$I$10:$T$21)-(SUM(($AW$9:$BH$9>BD$9)*($AV$10:$AV$21<$AV16)*$I$10:$T$21)+SUM(($AW$9:$BH$9<BD$9)*($AV$10:$AV$21>$AV16)*$I$10:$T$21)))*($AU16>0)*(SUM(INDEX($I$10:$T$21,0,BD$9))>0)} -> 17677 | ... BH16: {=(SUM(($AW$9:$BH$9<BH$9)*($AV$10:$AV$21<$AV16)*$I$10:$T$21)+SUM(($AW$9:$BH$9>BH$9)*($AV$10:$AV$21>$AV16)*$I$10:$T$21)-(SUM(($AW$9:$BH$9>BH$9)*($AV$10:$AV$21<$AV16)*$I$10:$T$21)+SUM(($AW$9:$BH$9<BH$9)*($AV$10:$AV$21>$AV16)*$I$10:$T$21)))*($AU16>0)*(SUM(INDEX($I$10:$T$21,0,BH$9))>0)} -> -4176
B17: 208 | C17: Segment 8 | D17: [60%,70%) | I17: 200 | J17: 0 | K17: 30 | L17: 8 | M17: 37 | N17: 3 | O17: 7 | P17: 5 | Q17: 80 | R17: 77 | S17: 1250 | T17: 32 | Y17: =IF(COUNTA(E17:W17)=0,"",IF(AND('2.0'!E17=0,COUNTA(H17:W17)>0),"NOT OK",IF(OR(AA17="NOT OK",AB17="NOT OK",AJ17="NOT OK"),"NOT OK",IF(AND(OR(AE17="WARNING",AH17="WARNING"),E17>0),"WARNING","OK")))) -> NOT OK | Z17: =IF(OR(COUNTA(E17:W17)=0,AND('2.0'!E17=0,COUNTA(F17:W17)=0)),"",IF(AND(E17=0,COUNTA(H17:W17)>0),"As number of facilities is zero, please leave columns H to W empty.",IF(AA17="NOT OK","Row incomplete. Check if zeros values are missing in the row.",IF(AB17="NOT OK","The number of facilities in buckets does not sum up to the total number.",IF(AJ17="NOT OK","The p-value of t-Test differs from ECB calculation.",IF(AE17="WARNING","The average LGD^R seems implausible with the given LGD realisation.",IF(AH17="WARNING","The variance of the LGD seems implausible with the given realisation.",""))))))) -> As number of facilities is zero, please leave columns H to W empty. | AA17: =IF(OR(E17=0,COUNTA(E17:W17)=0),"",IF(COUNTA(E17:W17)>=18,"OK",IF('2.0'!E17=1,IF(COUNTA(E17:W17)=15,"OK","NOT OK"),"NOT OK"))) | AB17: =IF(COUNTA(E17:W17)=0,"",IF('2.0'!E17=SUM(I17:T17),"OK","NOT OK")) -> NOT OK | AC17: {=IFERROR(SUM(I17:T17*TRANSPOSE($AK$10:$AK$21))/SUM(I17:T17),"")} -> 0.75072296 | AD17: {=IFERROR(SUM(I17:T17*TRANSPOSE($AL$10:$AL$21))/SUM(I17:T17),"")} -> 0.88010411 | AE17: =IF(COUNTA(H17:W17)=0,"",IFERROR(IF(AND('2.0'!H17>=AC17,H17<=AD17),"OK","WARNING"),"")) -> WARNING | AF17: =IF(COUNTA(H17:W17)=0,"",IFERROR('2.0'!AP38,"")) -> 0.66027778 | AG17: =IF(COUNTA(H17:W17)=0,"",IFERROR('2.0'!AO38,"")) -> 0.96390625 | AH17: =IF(COUNTA(H17:W17)=0,"",IFERROR(IF(AND('2.0'!U17>=AF17,U17<=AG17),"OK","WARNING"),"")) -> WARNING | AI17: =IFERROR(IF(COUNTA(E17:W17)=0,"",1-_xlfn.T.DIST(SQRT(E17)*(H17-G17)/SQRT('2.0'!U17),E17-1,TRUE)),"") | AJ17: =IFERROR(IF(COUNTA(E17:W17)=0,"",IF(ABS('2.0'!W17-AI17)>0.00001,"NOT OK","OK")),"") | AK17: 0.6 | AL17: 0.7 | AM17: 0.65 | AU17: =SUM(I17:T17) -> 1729 | AV17: 8 | AW17: {=(SUM(($AW$9:$BH$9<AW$9)*($AV$10:$AV$21<$AV17)*$I$10:$T$21)+SUM(($AW$9:$BH$9>AW$9)*($AV$10:$AV$21>$AV17)*$I$10:$T$21)-(SUM(($AW$9:$BH$9>AW$9)*($AV$10:$AV$21<$AV17)*$I$10:$T$21)+SUM(($AW$9:$BH$9<AW$9)*($AV$10:$AV$21>$AV17)*$I$10:$T$21)))*($AU17>0)*(SUM(INDEX($I$10:$T$21,0,AW$9))>0)} -> 7745 | AX17: {=(SUM(($AW$9:$BH$9<AX$9)*($AV$10:$AV$21<$AV17)*$I$10:$T$21)+SUM(($AW$9:$BH$9>AX$9)*($AV$10:$AV$21>$AV17)*$I$10:$T$21)-(SUM(($AW$9:$BH$9>AX$9)*($AV$10:$AV$21<$AV17)*$I$10:$T$21)+SUM(($AW$9:$BH$9<AX$9)*($AV$10:$AV$21>$AV17)*$I$10:$T$21)))*($AU17>0)*(SUM(INDEX($I$10:$T$21,0,AX$9))>0)} -> 12859 | AY17: {=(SUM(($AW$9:$BH$9<AY$9)*($AV$10:$AV$21<$AV17)*$I$10:$T$21)+SUM(($AW$9:$BH$9>AY$9)*($AV$10:$AV$21>$AV17)*$I$10:$T$21)-(SUM(($AW$9:$BH$9>AY$9)*($AV$10:$AV$21<$AV17)*$I$10:$T$21)+SUM(($AW$9:$BH$9<AY$9)*($AV$10:$AV$21>$AV17)*$I$10:$T$21)))*($AU17>0)*(SUM(INDEX($I$10:$T$21,0,AY$9))>0)} -> 14315 | AZ17: {=(SUM(($AW$9:$BH$9<AZ$9)*($AV$10:$AV$21<$AV17)*$I$10:$T$21)+SUM(($AW$9:$BH$9>AZ$9)*($AV$10:$AV$21>$AV17)*$I$10:$T$21)-(SUM(($AW$9:$BH$9>AZ$9)*($AV$10:$AV$21<$AV17)*$I$10:$T$21)+SUM(($AW$9:$BH$9<AZ$9)*($AV$10:$AV$21>$AV17)*$I$10:$T$21)))*($AU17>0)*(SUM(INDEX($I$10:$T$21,0,AZ$9))>0)} -> 15069 | BA17: {=(SUM(($AW$9:$BH$9<BA$9)*($AV$10:$AV$21<$AV17)*$I$10:$T$21)+SUM(($AW$9:$BH$9>BA$9)*($AV$10:$AV$21>$AV17)*$I$10:$T$21)-(SUM(($AW$9:$BH$9>BA$9)*($AV$10:$AV$21<$AV17)*$I$10:$T$21)+SUM(($AW$9:$BH$9<BA$9)*($AV$10:$AV$21>$AV17)*$I$10:$T$21)))*($AU17>0)*(SUM(INDEX($I$10:$T$21,0,BA$9))>0)} -> 15530 | BB17: {=(SUM(($AW$9:$BH$9<BB$9)*($AV$10:$AV$21<$AV17)*$I$10:$T$21)+SUM(($AW$9:$BH$9>BB$9)*($AV$10:$AV$21>$AV17)*$I$10:$T$21)-(SUM(($AW$9:$BH$9>BB$9)*($AV$10:$AV$21<$AV17)*$I$10:$T$21)+SUM(($AW$9:$BH$9<BB$9)*($AV$10:$AV$21>$AV17)*$I$10:$T$21)))*($AU17>0)*(SUM(INDEX($I$10:$T$21,0,BB$9))>0)} -> 15848 | BC17: {=(SUM(($AW$9:$BH$9<BC$9)*($AV$10:$AV$21<$AV17)*$I$10:$T$21)+SUM(($AW$9:$BH$9>BC$9)*($AV$10:$AV$21>$AV17)*$I$10:$T$21)-(SUM(($AW$9:$BH$9>BC$9)*($AV$10:$AV$21<$AV17)*$I$10:$T$21)+SUM(($AW$9:$BH$9<BC$9)*($AV$10:$AV$21>$AV17)*$I$10:$T$21)))*($AU17>0)*(SUM(INDEX($I$10:$T$21,0,BC$9))>0)} -> 15889 | BD17: {=(SUM(($AW$9:$BH$9<BD$9)*($AV$10:$AV$21<$AV17)*$I$10:$T$21)+SUM(($AW$9:$BH$9>BD$9)*($AV$10:$AV$21>$AV17)*$I$10:$T$21)-(SUM(($AW$9:$BH$9>BD$9)*($AV$10:$AV$21<$AV17)*$I$10:$T$21)+SUM(($AW$9:$BH$9<BD$9)*($AV$10:$AV$21>$AV17)*$I$10:$T$21)))*($AU17>0)*(SUM(INDEX($I$10:$T$21,0,BD$9))>0)} -> 15937 | ... BH17: {=(SUM(($AW$9:$BH$9<BH$9)*($AV$10:$AV$21<$AV17)*$I$10:$T$21)+SUM(($AW$9:$BH$9>BH$9)*($AV$10:$AV$21>$AV17)*$I$10:$T$21)-(SUM(($AW$9:$BH$9>BH$9)*($AV$10:$AV$21<$AV17)*$I$10:$T$21)+SUM(($AW$9:$BH$9<BH$9)*($AV$10:$AV$21>$AV17)*$I$10:$T$21)))*($AU17>0)*(SUM(INDEX($I$10:$T$21,0,BH$9))>0)} -> -1539
B18: 209 | C18: Segment 9 | D18: [70%,80%) | I18: 54 | J18: 32 | K18: 0 | L18: 42 | M18: 10 | N18: 1 | O18: 1 | P18: 15 | Q18: 600 | R18: 548 | S18: 2008 | T18: 564 | Y18: =IF(COUNTA(E18:W18)=0,"",IF(AND('2.0'!E18=0,COUNTA(H18:W18)>0),"NOT OK",IF(OR(AA18="NOT OK",AB18="NOT OK",AJ18="NOT OK"),"NOT OK",IF(AND(OR(AE18="WARNING",AH18="WARNING"),E18>0),"WARNING","OK")))) -> NOT OK | Z18: =IF(OR(COUNTA(E18:W18)=0,AND('2.0'!E18=0,COUNTA(F18:W18)=0)),"",IF(AND(E18=0,COUNTA(H18:W18)>0),"As number of facilities is zero, please leave columns H to W empty.",IF(AA18="NOT OK","Row incomplete. Check if zeros values are missing in the row.",IF(AB18="NOT OK","The number of facilities in buckets does not sum up to the total number.",IF(AJ18="NOT OK","The p-value of t-Test differs from ECB calculation.",IF(AE18="WARNING","The average LGD^R seems implausible with the given LGD realisation.",IF(AH18="WARNING","The variance of the LGD seems implausible with the given realisation.",""))))))) -> As number of facilities is zero, please leave columns H to W empty. | AA18: =IF(OR(E18=0,COUNTA(E18:W18)=0),"",IF(COUNTA(E18:W18)>=18,"OK",IF('2.0'!E18=1,IF(COUNTA(E18:W18)=15,"OK","NOT OK"),"NOT OK"))) | AB18: =IF(COUNTA(E18:W18)=0,"",IF('2.0'!E18=SUM(I18:T18),"OK","NOT OK")) -> NOT OK | AC18: {=IFERROR(SUM(I18:T18*TRANSPOSE($AK$10:$AK$21))/SUM(I18:T18),"")} -> 0.83935484 | AD18: {=IFERROR(SUM(I18:T18*TRANSPOSE($AL$10:$AL$21))/SUM(I18:T18),"")} -> 1.2147871 | AE18: =IF(COUNTA(H18:W18)=0,"",IFERROR(IF(AND('2.0'!H18>=AC18,H18<=AD18),"OK","WARNING"),"")) -> WARNING | AF18: =IF(COUNTA(H18:W18)=0,"",IFERROR('2.0'!AP39,"")) -> 0.73403975 | AG18: =IF(COUNTA(H18:W18)=0,"",IFERROR('2.0'!AO39,"")) -> 2.0458634 | AH18: =IF(COUNTA(H18:W18)=0,"",IFERROR(IF(AND('2.0'!U18>=AF18,U18<=AG18),"OK","WARNING"),"")) -> WARNING | AI18: =IFERROR(IF(COUNTA(E18:W18)=0,"",1-_xlfn.T.DIST(SQRT(E18)*(H18-G18)/SQRT('2.0'!U18),E18-1,TRUE)),"") | AJ18: =IFERROR(IF(COUNTA(E18:W18)=0,"",IF(ABS('2.0'!W18-AI18)>0.00001,"NOT OK","OK")),"") | AK18: 0.7 | AL18: 0.8 | AM18: 0.75 | AU18: =SUM(I18:T18) -> 3875 | AV18: 9 | AW18: {=(SUM(($AW$9:$BH$9<AW$9)*($AV$10:$AV$21<$AV18)*$I$10:$T$21)+SUM(($AW$9:$BH$9>AW$9)*($AV$10:$AV$21>$AV18)*$I$10:$T$21)-(SUM(($AW$9:$BH$9>AW$9)*($AV$10:$AV$21<$AV18)*$I$10:$T$21)+SUM(($AW$9:$BH$9<AW$9)*($AV$10:$AV$21>$AV18)*$I$10:$T$21)))*($AU18>0)*(SUM(INDEX($I$10:$T$21,0,AW$9))>0)} -> 2395 | AX18: {=(SUM(($AW$9:$BH$9<AX$9)*($AV$10:$AV$21<$AV18)*$I$10:$T$21)+SUM(($AW$9:$BH$9>AX$9)*($AV$10:$AV$21>$AV18)*$I$10:$T$21)-(SUM(($AW$9:$BH$9>AX$9)*($AV$10:$AV$21<$AV18)*$I$10:$T$21)+SUM(($AW$9:$BH$9<AX$9)*($AV$10:$AV$21>$AV18)*$I$10:$T$21)))*($AU18>0)*(SUM(INDEX($I$10:$T$21,0,AX$9))>0)} -> 7795 | AY18: {=(SUM(($AW$9:$BH$9<AY$9)*($AV$10:$AV$21<$AV18)*$I$10:$T$21)+SUM(($AW$9:$BH$9>AY$9)*($AV$10:$AV$21>$AV18)*$I$10:$T$21)-(SUM(($AW$9:$BH$9>AY$9)*($AV$10:$AV$21<$AV18)*$I$10:$T$21)+SUM(($AW$9:$BH$9<AY$9)*($AV$10:$AV$21>$AV18)*$I$10:$T$21)))*($AU18>0)*(SUM(INDEX($I$10:$T$21,0,AY$9))>0)} -> 9313 | AZ18: {=(SUM(($AW$9:$BH$9<AZ$9)*($AV$10:$AV$21<$AV18)*$I$10:$T$21)+SUM(($AW$9:$BH$9>AZ$9)*($AV$10:$AV$21>$AV18)*$I$10:$T$21)-(SUM(($AW$9:$BH$9>AZ$9)*($AV$10:$AV$21<$AV18)*$I$10:$T$21)+SUM(($AW$9:$BH$9<AZ$9)*($AV$10:$AV$21>$AV18)*$I$10:$T$21)))*($AU18>0)*(SUM(INDEX($I$10:$T$21,0,AZ$9))>0)} -> 10147 | BA18: {=(SUM(($AW$9:$BH$9<BA$9)*($AV$10:$AV$21<$AV18)*$I$10:$T$21)+SUM(($AW$9:$BH$9>BA$9)*($AV$10:$AV$21>$AV18)*$I$10:$T$21)-(SUM(($AW$9:$BH$9>BA$9)*($AV$10:$AV$21<$AV18)*$I$10:$T$21)+SUM(($AW$9:$BH$9<BA$9)*($AV$10:$AV$21>$AV18)*$I$10:$T$21)))*($AU18>0)*(SUM(INDEX($I$10:$T$21,0,BA$9))>0)} -> 10705 | BB18: {=(SUM(($AW$9:$BH$9<BB$9)*($AV$10:$AV$21<$AV18)*$I$10:$T$21)+SUM(($AW$9:$BH$9>BB$9)*($AV$10:$AV$21>$AV18)*$I$10:$T$21)-(SUM(($AW$9:$BH$9>BB$9)*($AV$10:$AV$21<$AV18)*$I$10:$T$21)+SUM(($AW$9:$BH$9<BB$9)*($AV$10:$AV$21>$AV18)*$I$10:$T$21)))*($AU18>0)*(SUM(INDEX($I$10:$T$21,0,BB$9))>0)} -> 11074 | BC18: {=(SUM(($AW$9:$BH$9<BC$9)*($AV$10:$AV$21<$AV18)*$I$10:$T$21)+SUM(($AW$9:$BH$9>BC$9)*($AV$10:$AV$21>$AV18)*$I$10:$T$21)-(SUM(($AW$9:$BH$9>BC$9)*($AV$10:$AV$21<$AV18)*$I$10:$T$21)+SUM(($AW$9:$BH$9<BC$9)*($AV$10:$AV$21>$AV18)*$I$10:$T$21)))*($AU18>0)*(SUM(INDEX($I$10:$T$21,0,BC$9))>0)} -> 11127 | BD18: {=(SUM(($AW$9:$BH$9<BD$9)*($AV$10:$AV$21<$AV18)*$I$10:$T$21)+SUM(($AW$9:$BH$9>BD$9)*($AV$10:$AV$21>$AV18)*$I$10:$T$21)-(SUM(($AW$9:$BH$9>BD$9)*($AV$10:$AV$21<$AV18)*$I$10:$T$21)+SUM(($AW$9:$BH$9<BD$9)*($AV$10:$AV$21>$AV18)*$I$10:$T$21)))*($AU18>0)*(SUM(INDEX($I$10:$T$21,0,BD$9))>0)} -> 11203 | ... BH18: {=(SUM(($AW$9:$BH$9<BH$9)*($AV$10:$AV$21<$AV18)*$I$10:$T$21)+SUM(($AW$9:$BH$9>BH$9)*($AV$10:$AV$21>$AV18)*$I$10:$T$21)-(SUM(($AW$9:$BH$9>BH$9)*($AV$10:$AV$21<$AV18)*$I$10:$T$21)+SUM(($AW$9:$BH$9<BH$9)*($AV$10:$AV$21>$AV18)*$I$10:$T$21)))*($AU18>0)*(SUM(INDEX($I$10:$T$21,0,BH$9))>0)} -> 3469
B19: 210 | C19: Segment 10 | D19: [80%,90%) | I19: 30 | J19: 0 | K19: 2 | L19: 0 | M19: 0 | N19: 0 | O19: 3 | P19: 0 | Q19: 100 | R19: 854 | S19: 2564 | T19: 566 | Y19: =IF(COUNTA(E19:W19)=0,"",IF(AND('2.0'!E19=0,COUNTA(H19:W19)>0),"NOT OK",IF(OR(AA19="NOT OK",AB19="NOT OK",AJ19="NOT OK"),"NOT OK",IF(AND(OR(AE19="WARNING",AH19="WARNING"),E19>0),"WARNING","OK")))) -> NOT OK | Z19: =IF(OR(COUNTA(E19:W19)=0,AND('2.0'!E19=0,COUNTA(F19:W19)=0)),"",IF(AND(E19=0,COUNTA(H19:W19)>0),"As number of facilities is zero, please leave columns H to W empty.",IF(AA19="NOT OK","Row incomplete. Check if zeros values are missing in the row.",IF(AB19="NOT OK","The number of facilities in buckets does not sum up to the total number.",IF(AJ19="NOT OK","The p-value of t-Test differs from ECB calculation.",IF(AE19="WARNING","The average LGD^R seems implausible with the given LGD realisation.",IF(AH19="WARNING","The variance of the LGD seems implausible with the given realisation.",""))))))) -> As number of facilities is zero, please leave columns H to W empty. | AA19: =IF(OR(E19=0,COUNTA(E19:W19)=0),"",IF(COUNTA(E19:W19)>=18,"OK",IF('2.0'!E19=1,IF(COUNTA(E19:W19)=15,"OK","NOT OK"),"NOT OK"))) | AB19: =IF(COUNTA(E19:W19)=0,"",IF('2.0'!E19=SUM(I19:T19),"OK","NOT OK")) -> NOT OK | AC19: {=IFERROR(SUM(I19:T19*TRANSPOSE($AK$10:$AK$21))/SUM(I19:T19),"")} -> 0.8809177 | AD19: {=IFERROR(SUM(I19:T19*TRANSPOSE($AL$10:$AL$21))/SUM(I19:T19),"")} -> 1.2416363 | AE19: =IF(COUNTA(H19:W19)=0,"",IFERROR(IF(AND('2.0'!H19>=AC19,H19<=AD19),"OK","WARNING"),"")) -> WARNING | AF19: =IF(COUNTA(H19:W19)=0,"",IFERROR('2.0'!AP40,"")) -> 0.78658815 | AG19: =IF(COUNTA(H19:W19)=0,"",IFERROR('2.0'!AO40,"")) -> 2.0434616 | AH19: =IF(COUNTA(H19:W19)=0,"",IFERROR(IF(AND('2.0'!U19>=AF19,U19<=AG19),"OK","WARNING"),"")) -> WARNING | AI19: =IFERROR(IF(COUNTA(E19:W19)=0,"",1-_xlfn.T.DIST(SQRT(E19)*(H19-G19)/SQRT('2.0'!U19),E19-1,TRUE)),"") | AJ19: =IFERROR(IF(COUNTA(E19:W19)=0,"",IF(ABS('2.0'!W19-AI19)>0.00001,"NOT OK","OK")),"") | AK19: 0.8 | AL19: 0.9 | AM19: 0.85 | AU19: =SUM(I19:T19) -> 4119 | AV19: 10 | AW19: {=(SUM(($AW$9:$BH$9<AW$9)*($AV$10:$AV$21<$AV19)*$I$10:$T$21)+SUM(($AW$9:$BH$9>AW$9)*($AV$10:$AV$21>$AV19)*$I$10:$T$21)-(SUM(($AW$9:$BH$9>AW$9)*($AV$10:$AV$21<$AV19)*$I$10:$T$21)+SUM(($AW$9:$BH$9<AW$9)*($AV$10:$AV$21>$AV19)*$I$10:$T$21)))*($AU19>0)*(SUM(INDEX($I$10:$T$21,0,AW$9))>0)} -> -5515 | AX19: {=(SUM(($AW$9:$BH$9<AX$9)*($AV$10:$AV$21<$AV19)*$I$10:$T$21)+SUM(($AW$9:$BH$9>AX$9)*($AV$10:$AV$21>$AV19)*$I$10:$T$21)-(SUM(($AW$9:$BH$9>AX$9)*($AV$10:$AV$21<$AV19)*$I$10:$T$21)+SUM(($AW$9:$BH$9<AX$9)*($AV$10:$AV$21>$AV19)*$I$10:$T$21)))*($AU19>0)*(SUM(INDEX($I$10:$T$21,0,AX$9))>0)} -> 1 | AY19: {=(SUM(($AW$9:$BH$9<AY$9)*($AV$10:$AV$21<$AV19)*$I$10:$T$21)+SUM(($AW$9:$BH$9>AY$9)*($AV$10:$AV$21>$AV19)*$I$10:$T$21)-(SUM(($AW$9:$BH$9>AY$9)*($AV$10:$AV$21<$AV19)*$I$10:$T$21)+SUM(($AW$9:$BH$9<AY$9)*($AV$10:$AV$21>$AV19)*$I$10:$T$21)))*($AU19>0)*(SUM(INDEX($I$10:$T$21,0,AY$9))>0)} -> 1553 | AZ19: {=(SUM(($AW$9:$BH$9<AZ$9)*($AV$10:$AV$21<$AV19)*$I$10:$T$21)+SUM(($AW$9:$BH$9>AZ$9)*($AV$10:$AV$21>$AV19)*$I$10:$T$21)-(SUM(($AW$9:$BH$9>AZ$9)*($AV$10:$AV$21<$AV19)*$I$10:$T$21)+SUM(($AW$9:$BH$9<AZ$9)*($AV$10:$AV$21>$AV19)*$I$10:$T$21)))*($AU19>0)*(SUM(INDEX($I$10:$T$21,0,AZ$9))>0)} -> 2431 | BA19: {=(SUM(($AW$9:$BH$9<BA$9)*($AV$10:$AV$21<$AV19)*$I$10:$T$21)+SUM(($AW$9:$BH$9>BA$9)*($AV$10:$AV$21>$AV19)*$I$10:$T$21)-(SUM(($AW$9:$BH$9>BA$9)*($AV$10:$AV$21<$AV19)*$I$10:$T$21)+SUM(($AW$9:$BH$9<BA$9)*($AV$10:$AV$21>$AV19)*$I$10:$T$21)))*($AU19>0)*(SUM(INDEX($I$10:$T$21,0,BA$9))>0)} -> 3041 | BB19: {=(SUM(($AW$9:$BH$9<BB$9)*($AV$10:$AV$21<$AV19)*$I$10:$T$21)+SUM(($AW$9:$BH$9>BB$9)*($AV$10:$AV$21>$AV19)*$I$10:$T$21)-(SUM(($AW$9:$BH$9>BB$9)*($AV$10:$AV$21<$AV19)*$I$10:$T$21)+SUM(($AW$9:$BH$9<BB$9)*($AV$10:$AV$21>$AV19)*$I$10:$T$21)))*($AU19>0)*(SUM(INDEX($I$10:$T$21,0,BB$9))>0)} -> 3421 | BC19: {=(SUM(($AW$9:$BH$9<BC$9)*($AV$10:$AV$21<$AV19)*$I$10:$T$21)+SUM(($AW$9:$BH$9>BC$9)*($AV$10:$AV$21>$AV19)*$I$10:$T$21)-(SUM(($AW$9:$BH$9>BC$9)*($AV$10:$AV$21<$AV19)*$I$10:$T$21)+SUM(($AW$9:$BH$9<BC$9)*($AV$10:$AV$21>$AV19)*$I$10:$T$21)))*($AU19>0)*(SUM(INDEX($I$10:$T$21,0,BC$9))>0)} -> 3479 | BD19: {=(SUM(($AW$9:$BH$9<BD$9)*($AV$10:$AV$21<$AV19)*$I$10:$T$21)+SUM(($AW$9:$BH$9>BD$9)*($AV$10:$AV$21>$AV19)*$I$10:$T$21)-(SUM(($AW$9:$BH$9>BD$9)*($AV$10:$AV$21<$AV19)*$I$10:$T$21)+SUM(($AW$9:$BH$9<BD$9)*($AV$10:$AV$21>$AV19)*$I$10:$T$21)))*($AU19>0)*(SUM(INDEX($I$10:$T$21,0,BD$9))>0)} -> 3574 | ... BH19: {=(SUM(($AW$9:$BH$9<BH$9)*($AV$10:$AV$21<$AV19)*$I$10:$T$21)+SUM(($AW$9:$BH$9>BH$9)*($AV$10:$AV$21>$AV19)*$I$10:$T$21)-(SUM(($AW$9:$BH$9>BH$9)*($AV$10:$AV$21<$AV19)*$I$10:$T$21)+SUM(($AW$9:$BH$9<BH$9)*($AV$10:$AV$21>$AV19)*$I$10:$T$21)))*($AU19>0)*(SUM(INDEX($I$10:$T$21,0,BH$9))>0)} -> 10333
B20: 211 | C20: Segment 11 | D20: [90%,100%) | I20: 39 | J20: 0 | K20: 18 | L20: 0 | M20: 0 | N20: 0 | O20: 2 | P20: 9 | Q20: 284 | R20: 798 | S20: 1286 | T20: 56 | Y20: =IF(COUNTA(E20:W20)=0,"",IF(AND('2.0'!E20=0,COUNTA(H20:W20)>0),"NOT OK",IF(OR(AA20="NOT OK",AB20="NOT OK",AJ20="NOT OK"),"NOT OK",IF(AND(OR(AE20="WARNING",AH20="WARNING"),E20>0),"WARNING","OK")))) -> NOT OK | Z20: =IF(OR(COUNTA(E20:W20)=0,AND('2.0'!E20=0,COUNTA(F20:W20)=0)),"",IF(AND(E20=0,COUNTA(H20:W20)>0),"As number of facilities is zero, please leave columns H to W empty.",IF(AA20="NOT OK","Row incomplete. Check if zeros values are missing in the row.",IF(AB20="NOT OK","The number of facilities in buckets does not sum up to the total number.",IF(AJ20="NOT OK","The p-value of t-Test differs from ECB calculation.",IF(AE20="WARNING","The average LGD^R seems implausible with the given LGD realisation.",IF(AH20="WARNING","The variance of the LGD seems implausible with the given realisation.",""))))))) -> As number of facilities is zero, please leave columns H to W empty. | AA20: =IF(OR(E20=0,COUNTA(E20:W20)=0),"",IF(COUNTA(E20:W20)>=18,"OK",IF('2.0'!E20=1,IF(COUNTA(E20:W20)=15,"OK","NOT OK"),"NOT OK"))) | AB20: =IF(COUNTA(E20:W20)=0,"",IF('2.0'!E20=SUM(I20:T20),"OK","NOT OK")) -> NOT OK | AC20: {=IFERROR(SUM(I20:T20*TRANSPOSE($AK$10:$AK$21))/SUM(I20:T20),"")} -> 0.82616372 | AD20: {=IFERROR(SUM(I20:T20*TRANSPOSE($AL$10:$AL$21))/SUM(I20:T20),"")} -> 0.96807785 | AE20: =IF(COUNTA(H20:W20)=0,"",IFERROR(IF(AND('2.0'!H20>=AC20,H20<=AD20),"OK","WARNING"),"")) -> WARNING | AF20: =IF(COUNTA(H20:W20)=0,"",IFERROR('2.0'!AP41,"")) -> 0.70311521 | AG20: =IF(COUNTA(H20:W20)=0,"",IFERROR('2.0'!AO41,"")) -> 1.0534273 | AH20: =IF(COUNTA(H20:W20)=0,"",IFERROR(IF(AND('2.0'!U20>=AF20,U20<=AG20),"OK","WARNING"),"")) -> WARNING | AI20: =IFERROR(IF(COUNTA(E20:W20)=0,"",1-_xlfn.T.DIST(SQRT(E20)*(H20-G20)/SQRT('2.0'!U20),E20-1,TRUE)),"") | AJ20: =IFERROR(IF(COUNTA(E20:W20)=0,"",IF(ABS('2.0'!W20-AI20)>0.00001,"NOT OK","OK")),"") | AK20: 0.9 | AL20: 1 | AM20: 0.95 | AU20: =SUM(I20:T20) -> 2492 | AV20: 11 | AW20: {=(SUM(($AW$9:$BH$9<AW$9)*($AV$10:$AV$21<$AV20)*$I$10:$T$21)+SUM(($AW$9:$BH$9>AW$9)*($AV$10:$AV$21>$AV20)*$I$10:$T$21)-(SUM(($AW$9:$BH$9>AW$9)*($AV$10:$AV$21<$AV20)*$I$10:$T$21)+SUM(($AW$9:$BH$9<AW$9)*($AV$10:$AV$21>$AV20)*$I$10:$T$21)))*($AU20>0)*(SUM(INDEX($I$10:$T$21,0,AW$9))>0)} -> -12057 | AX20: {=(SUM(($AW$9:$BH$9<AX$9)*($AV$10:$AV$21<$AV20)*$I$10:$T$21)+SUM(($AW$9:$BH$9>AX$9)*($AV$10:$AV$21>$AV20)*$I$10:$T$21)-(SUM(($AW$9:$BH$9>AX$9)*($AV$10:$AV$21<$AV20)*$I$10:$T$21)+SUM(($AW$9:$BH$9<AX$9)*($AV$10:$AV$21>$AV20)*$I$10:$T$21)))*($AU20>0)*(SUM(INDEX($I$10:$T$21,0,AX$9))>0)} -> -6472 | AY20: {=(SUM(($AW$9:$BH$9<AY$9)*($AV$10:$AV$21<$AV20)*$I$10:$T$21)+SUM(($AW$9:$BH$9>AY$9)*($AV$10:$AV$21>$AV20)*$I$10:$T$21)-(SUM(($AW$9:$BH$9>AY$9)*($AV$10:$AV$21<$AV20)*$I$10:$T$21)+SUM(($AW$9:$BH$9<AY$9)*($AV$10:$AV$21>$AV20)*$I$10:$T$21)))*($AU20>0)*(SUM(INDEX($I$10:$T$21,0,AY$9))>0)} -> -4900 | AZ20: {=(SUM(($AW$9:$BH$9<AZ$9)*($AV$10:$AV$21<$AV20)*$I$10:$T$21)+SUM(($AW$9:$BH$9>AZ$9)*($AV$10:$AV$21>$AV20)*$I$10:$T$21)-(SUM(($AW$9:$BH$9>AZ$9)*($AV$10:$AV$21<$AV20)*$I$10:$T$21)+SUM(($AW$9:$BH$9<AZ$9)*($AV$10:$AV$21>$AV20)*$I$10:$T$21)))*($AU20>0)*(SUM(INDEX($I$10:$T$21,0,AZ$9))>0)} -> -4002 | BA20: {=(SUM(($AW$9:$BH$9<BA$9)*($AV$10:$AV$21<$AV20)*$I$10:$T$21)+SUM(($AW$9:$BH$9>BA$9)*($AV$10:$AV$21>$AV20)*$I$10:$T$21)-(SUM(($AW$9:$BH$9>BA$9)*($AV$10:$AV$21<$AV20)*$I$10:$T$21)+SUM(($AW$9:$BH$9<BA$9)*($AV$10:$AV$21>$AV20)*$I$10:$T$21)))*($AU20>0)*(SUM(INDEX($I$10:$T$21,0,BA$9))>0)} -> -3392 | BB20: {=(SUM(($AW$9:$BH$9<BB$9)*($AV$10:$AV$21<$AV20)*$I$10:$T$21)+SUM(($AW$9:$BH$9>BB$9)*($AV$10:$AV$21>$AV20)*$I$10:$T$21)-(SUM(($AW$9:$BH$9>BB$9)*($AV$10:$AV$21<$AV20)*$I$10:$T$21)+SUM(($AW$9:$BH$9<BB$9)*($AV$10:$AV$21>$AV20)*$I$10:$T$21)))*($AU20>0)*(SUM(INDEX($I$10:$T$21,0,BB$9))>0)} -> -3012 | BC20: {=(SUM(($AW$9:$BH$9<BC$9)*($AV$10:$AV$21<$AV20)*$I$10:$T$21)+SUM(($AW$9:$BH$9>BC$9)*($AV$10:$AV$21>$AV20)*$I$10:$T$21)-(SUM(($AW$9:$BH$9>BC$9)*($AV$10:$AV$21<$AV20)*$I$10:$T$21)+SUM(($AW$9:$BH$9<BC$9)*($AV$10:$AV$21>$AV20)*$I$10:$T$21)))*($AU20>0)*(SUM(INDEX($I$10:$T$21,0,BC$9))>0)} -> -2949 | BD20: {=(SUM(($AW$9:$BH$9<BD$9)*($AV$10:$AV$21<$AV20)*$I$10:$T$21)+SUM(($AW$9:$BH$9>BD$9)*($AV$10:$AV$21>$AV20)*$I$10:$T$21)-(SUM(($AW$9:$BH$9>BD$9)*($AV$10:$AV$21<$AV20)*$I$10:$T$21)+SUM(($AW$9:$BH$9<BD$9)*($AV$10:$AV$21>$AV20)*$I$10:$T$21)))*($AU20>0)*(SUM(INDEX($I$10:$T$21,0,BD$9))>0)} -> -2840 | ... BH20: {=(SUM(($AW$9:$BH$9<BH$9)*($AV$10:$AV$21<$AV20)*$I$10:$T$21)+SUM(($AW$9:$BH$9>BH$9)*($AV$10:$AV$21>$AV20)*$I$10:$T$21)-(SUM(($AW$9:$BH$9>BH$9)*($AV$10:$AV$21<$AV20)*$I$10:$T$21)+SUM(($AW$9:$BH$9<BH$9)*($AV$10:$AV$21>$AV20)*$I$10:$T$21)))*($AU20>0)*(SUM(INDEX($I$10:$T$21,0,BH$9))>0)} -> 16322
B21: 212 | C21: Segment 12 | D21: >=100% | I21: 400 | J21: 338 | K21: 2 | L21: 0 | M21: 0 | N21: 0 | O21: 0 | P21: 0 | Q21: 36 | R21: 1223 | S21: 122 | T21: 774 | Y21: =IF(COUNTA(E21:W21)=0,"",IF(AND('2.0'!E21=0,COUNTA(H21:W21)>0),"NOT OK",IF(OR(AA21="NOT OK",AB21="NOT OK",AJ21="NOT OK"),"NOT OK",IF(AND(OR(AE21="WARNING",AH21="WARNING"),E21>0),"WARNING","OK")))) -> NOT OK | Z21: =IF(OR(COUNTA(E21:W21)=0,AND('2.0'!E21=0,COUNTA(F21:W21)=0)),"",IF(AND(E21=0,COUNTA(H21:W21)>0),"As number of facilities is zero, please leave columns H to W empty.",IF(AA21="NOT OK","Row incomplete. Check if zeros values are missing in the row.",IF(AB21="NOT OK","The number of facilities in buckets does not sum up to the total number.",IF(AJ21="NOT OK","The p-value of t-Test differs from ECB calculation.",IF(AE21="WARNING","The average LGD^R seems implausible with the given LGD realisation.",IF(AH21="WARNING","The variance of the LGD seems implausible with the given realisation.",""))))))) -> As number of facilities is zero, please leave columns H to W empty. | AA21: =IF(OR(E21=0,COUNTA(E21:W21)=0),"",IF(COUNTA(E21:W21)>=18,"OK",IF('2.0'!E21=1,IF(COUNTA(E21:W21)=15,"OK","NOT OK"),"NOT OK"))) | AB21: =IF(COUNTA(E21:W21)=0,"",IF('2.0'!E21=SUM(I21:T21),"OK","NOT OK")) -> NOT OK | AC21: {=IFERROR(SUM(I21:T21*TRANSPOSE($AK$10:$AK$21))/SUM(I21:T21),"")} -> 0.65785838 | AD21: {=IFERROR(SUM(I21:T21*TRANSPOSE($AL$10:$AL$21))/SUM(I21:T21),"")} -> 1.2530915 | AE21: =IF(COUNTA(H21:W21)=0,"",IFERROR(IF(AND('2.0'!H21>=AC21,H21<=AD21),"OK","WARNING"),"")) -> WARNING | AF21: =IF(COUNTA(H21:W21)=0,"",IFERROR('2.0'!AP42,"")) -> 0.5784537 | AG21: =IF(COUNTA(H21:W21)=0,"",IFERROR('2.0'!AO42,"")) -> 2.8010124 | AH21: =IF(COUNTA(H21:W21)=0,"",IFERROR(IF(AND('2.0'!U21>=AF21,U21<=AG21),"OK","WARNING"),"")) -> WARNING | AI21: =IFERROR(IF(COUNTA(E21:W21)=0,"",1-_xlfn.T.DIST(SQRT(E21)*(H21-G21)/SQRT('2.0'!U21),E21-1,TRUE)),"") | AJ21: =IFERROR(IF(COUNTA(E21:W21)=0,"",IF(ABS('2.0'!W21-AI21)>0.00001,"NOT OK","OK")),"") | AK21: 1 | AL21: 3 | AM21: 1.95 | AU21: =SUM(I21:T21) -> 2895 | AV21: 12 | AW21: {=(SUM(($AW$9:$BH$9<AW$9)*($AV$10:$AV$21<$AV21)*$I$10:$T$21)+SUM(($AW$9:$BH$9>AW$9)*($AV$10:$AV$21>$AV21)*$I$10:$T$21)-(SUM(($AW$9:$BH$9>AW$9)*($AV$10:$AV$21<$AV21)*$I$10:$T$21)+SUM(($AW$9:$BH$9<AW$9)*($AV$10:$AV$21>$AV21)*$I$10:$T$21)))*($AU21>0)*(SUM(INDEX($I$10:$T$21,0,AW$9))>0)} -> -17005 | AX21: {=(SUM(($AW$9:$BH$9<AX$9)*($AV$10:$AV$21<$AV21)*$I$10:$T$21)+SUM(($AW$9:$BH$9>AX$9)*($AV$10:$AV$21>$AV21)*$I$10:$T$21)-(SUM(($AW$9:$BH$9>AX$9)*($AV$10:$AV$21<$AV21)*$I$10:$T$21)+SUM(($AW$9:$BH$9<AX$9)*($AV$10:$AV$21>$AV21)*$I$10:$T$21)))*($AU21>0)*(SUM(INDEX($I$10:$T$21,0,AX$9))>0)} -> -10643 | AY21: {=(SUM(($AW$9:$BH$9<AY$9)*($AV$10:$AV$21<$AV21)*$I$10:$T$21)+SUM(($AW$9:$BH$9>AY$9)*($AV$10:$AV$21>$AV21)*$I$10:$T$21)-(SUM(($AW$9:$BH$9>AY$9)*($AV$10:$AV$21<$AV21)*$I$10:$T$21)+SUM(($AW$9:$BH$9<AY$9)*($AV$10:$AV$21>$AV21)*$I$10:$T$21)))*($AU21>0)*(SUM(INDEX($I$10:$T$21,0,AY$9))>0)} -> -8713 | AZ21: {=(SUM(($AW$9:$BH$9<AZ$9)*($AV$10:$AV$21<$AV21)*$I$10:$T$21)+SUM(($AW$9:$BH$9>AZ$9)*($AV$10:$AV$21>$AV21)*$I$10:$T$21)-(SUM(($AW$9:$BH$9>AZ$9)*($AV$10:$AV$21<$AV21)*$I$10:$T$21)+SUM(($AW$9:$BH$9<AZ$9)*($AV$10:$AV$21>$AV21)*$I$10:$T$21)))*($AU21>0)*(SUM(INDEX($I$10:$T$21,0,AZ$9))>0)} -> -7795 | BA21: {=(SUM(($AW$9:$BH$9<BA$9)*($AV$10:$AV$21<$AV21)*$I$10:$T$21)+SUM(($AW$9:$BH$9>BA$9)*($AV$10:$AV$21>$AV21)*$I$10:$T$21)-(SUM(($AW$9:$BH$9>BA$9)*($AV$10:$AV$21<$AV21)*$I$10:$T$21)+SUM(($AW$9:$BH$9<BA$9)*($AV$10:$AV$21>$AV21)*$I$10:$T$21)))*($AU21>0)*(SUM(INDEX($I$10:$T$21,0,BA$9))>0)} -> -7185 | BB21: {=(SUM(($AW$9:$BH$9<BB$9)*($AV$10:$AV$21<$AV21)*$I$10:$T$21)+SUM(($AW$9:$BH$9>BB$9)*($AV$10:$AV$21>$AV21)*$I$10:$T$21)-(SUM(($AW$9:$BH$9>BB$9)*($AV$10:$AV$21<$AV21)*$I$10:$T$21)+SUM(($AW$9:$BH$9<BB$9)*($AV$10:$AV$21>$AV21)*$I$10:$T$21)))*($AU21>0)*(SUM(INDEX($I$10:$T$21,0,BB$9))>0)} -> -6805 | BC21: {=(SUM(($AW$9:$BH$9<BC$9)*($AV$10:$AV$21<$AV21)*$I$10:$T$21)+SUM(($AW$9:$BH$9>BC$9)*($AV$10:$AV$21>$AV21)*$I$10:$T$21)-(SUM(($AW$9:$BH$9>BC$9)*($AV$10:$AV$21<$AV21)*$I$10:$T$21)+SUM(($AW$9:$BH$9<BC$9)*($AV$10:$AV$21>$AV21)*$I$10:$T$21)))*($AU21>0)*(SUM(INDEX($I$10:$T$21,0,BC$9))>0)} -> -6740 | BD21: {=(SUM(($AW$9:$BH$9<BD$9)*($AV$10:$AV$21<$AV21)*$I$10:$T$21)+SUM(($AW$9:$BH$9>BD$9)*($AV$10:$AV$21>$AV21)*$I$10:$T$21)-(SUM(($AW$9:$BH$9>BD$9)*($AV$10:$AV$21<$AV21)*$I$10:$T$21)+SUM(($AW$9:$BH$9<BD$9)*($AV$10:$AV$21>$AV21)*$I$10:$T$21)))*($AU21>0)*(SUM(INDEX($I$10:$T$21,0,BD$9))>0)} -> -6620 | ... BH21: {=(SUM(($AW$9:$BH$9<BH$9)*($AV$10:$AV$21<$AV21)*$I$10:$T$21)+SUM(($AW$9:$BH$9>BH$9)*($AV$10:$AV$21>$AV21)*$I$10:$T$21)-(SUM(($AW$9:$BH$9>BH$9)*($AV$10:$AV$21<$AV21)*$I$10:$T$21)+SUM(($AW$9:$BH$9<BH$9)*($AV$10:$AV$21>$AV21)*$I$10:$T$21)))*($AU21>0)*(SUM(INDEX($I$10:$T$21,0,BH$9))>0)} -> 20879
Y23: =IF(COUNTA(E25:W25)=0,"",IF(OR(AA23="NOT OK",AB23="NOT OK",AJ23="NOT OK"),"NOT OK",IF(OR(AE23="WARNING",AH23="WARNING"),"WARNING","OK")))
AA28: VarTable
AA29: grade | AB29: Portfolio | AC29: [0%,5%) | AD29: [5%,10%) | AE29: [10%,20%) | AF29: [20%,30%) | AG29: [30%,40%) | AH29: [40%,50%) | AI29: [50%,60%) | AJ29: [60%,70%) | AK29: [70%,80%) | AL29: [80%,90%) | AM29: [90%,100%] | AN29: >100% | AO29: max | AP29: min
AA30: [0%,5%) | AB30: ='2.0'!$H$8 -> 0 | AC30: ='2.0'!$H$10 -> 0 | AD30: ='2.0'!$H$11 -> 0 | AE30: ='2.0'!$H$12 -> 0 | AF30: ='2.0'!$H$13 -> 0 | AG30: ='2.0'!$H$14 -> 0 | AH30: ='2.0'!$H$15 -> 0 | AI30: ='2.0'!$H$16 -> 0 | AJ30: ='2.0'!$H$17 -> 0 | AK30: ='2.0'!$H$18 -> 0 | AL30: ='2.0'!$H$19 -> 0 | AM30: ='2.0'!$H$20 -> 0 | AN30: =$H$21 -> 0 | AO30: {=IFERROR(SUM(($AK$10:$AK$21-$AB$30:$AB$41)^2*(($AK$10:$AK$21-$AB$30:$AB$41)^2>($AL$10:$AL$21-$AB$30:$AB$41)^2)*TRANSPOSE(I8:T8) +($AL$10:$AL$21-$AB$30:$AB$41)^2*(($AK$10:$AK$21-$AB$30:$AB$41)^2<=($AL$10:$AL$21-$AB$30:$AB$41)^2)*TRANSPOSE(I8:T8) )/(SUM(I8:T8)-1),"")} -> 0 | AP30: {=IFERROR(SUM(($AK$10:$AK$21-$AB$30:$AB$41)^2*(($AK$10:$AK$21-$AB$30:$AB$41)^2<=($AL$10:$AL$21-$AB$30:$AB$41)^2)*TRANSPOSE(I8:T8) +($AL$10:$AL$21-$AB$30:$AB$41)^2*(($AK$10:$AK$21-$AB$30:$AB$41)^2>($AL$10:$AL$21-$AB$30:$AB$41)^2)*TRANSPOSE(I8:T8) )/(SUM(I8:T8)-1),"")} -> 0
AA31: [5%,10%) | AB31: ='2.0'!$H$8 -> 0 | AC31: ='2.0'!$H$10 -> 0 | AD31: ='2.0'!$H$11 -> 0 | AE31: ='2.0'!$H$12 -> 0 | AF31: ='2.0'!$H$13 -> 0 | AG31: ='2.0'!$H$14 -> 0 | AH31: ='2.0'!$H$15 -> 0 | AI31: ='2.0'!$H$16 -> 0 | AJ31: ='2.0'!$H$17 -> 0 | AK31: ='2.0'!$H$18 -> 0 | AL31: ='2.0'!$H$19 -> 0 | AM31: ='2.0'!$H$20 -> 0 | AN31: =$H$21 -> 0 | AO31: {=IFERROR(SUM(($AK$10:$AK$21-$AC$30:$AC$41)^2*(($AK$10:$AK$21-$AC$30:$AC$41)^2>($AL$10:$AL$21-$AC$30:$AC$41)^2)*TRANSPOSE(I10:T10) +($AL$10:$AL$21-$AC$30:$AC$41)^2*(($AK$10:$AK$21-$AC$30:$AC$41)^2<=($AL$10:$AL$21-$AC$30:$AC$41)^2)*TRANSPOSE(I10:T10) )/(SUM(I10:T10)-1),"")} -> 0.035183711 | AP31: {=IFERROR(SUM(($AK$10:$AK$21-$AC$30:$AC$41)^2*(($AK$10:$AK$21-$AC$30:$AC$41)^2<=($AL$10:$AL$21-$AC$30:$AC$41)^2)*TRANSPOSE(I10:T10) +($AL$10:$AL$21-$AC$30:$AC$41)^2*(($AK$10:$AK$21-$AC$30:$AC$41)^2>($AL$10:$AL$21-$AC$30:$AC$41)^2)*TRANSPOSE(I10:T10) )/(SUM(I10:T10)-1),"")} -> 0.024926516
AA32: [10%,20%) | AB32: ='2.0'!$H$8 -> 0 | AC32: ='2.0'!$H$10 -> 0 | AD32: ='2.0'!$H$11 -> 0 | AE32: ='2.0'!$H$12 -> 0 | AF32: ='2.0'!$H$13 -> 0 | AG32: ='2.0'!$H$14 -> 0 | AH32: ='2.0'!$H$15 -> 0 | AI32: ='2.0'!$H$16 -> 0 | AJ32: ='2.0'!$H$17 -> 0 | AK32: ='2.0'!$H$18 -> 0 | AL32: ='2.0'!$H$19 -> 0 | AM32: ='2.0'!$H$20 -> 0 | AN32: =$H$21 -> 0 | AO32: {=IFERROR(SUM(($AK$10:$AK$21-$AD$30:$AD$41)^2*(($AK$10:$AK$21-$AD$30:$AD$41)^2>($AL$10:$AL$21-$AD$30:$AD$41)^2)*TRANSPOSE(I11:T11) +($AL$10:$AL$21-$AD$30:$AD$41)^2*(($AK$10:$AK$21-$AD$30:$AD$41)^2<=($AL$10:$AL$21-$AD$30:$AD$41)^2)*TRANSPOSE(I11:T11) )/(SUM(I11:T11)-1),"")} -> 0.17564257 | AP32: {=IFERROR(SUM(($AK$10:$AK$21-$AD$30:$AD$41)^2*(($AK$10:$AK$21-$AD$30:$AD$41)^2<=($AL$10:$AL$21-$AD$30:$AD$41)^2)*TRANSPOSE(I11:T11) +($AL$10:$AL$21-$AD$30:$AD$41)^2*(($AK$10:$AK$21-$AD$30:$AD$41)^2>($AL$10:$AL$21-$AD$30:$AD$41)^2)*TRANSPOSE(I11:T11) )/(SUM(I11:T11)-1),"")} -> 0.13439759
AA33: [20%,30%) | AB33: ='2.0'!$H$8 -> 0 | AC33: ='2.0'!$H$10 -> 0 | AD33: ='2.0'!$H$11 -> 0 | AE33: ='2.0'!$H$12 -> 0 | AF33: ='2.0'!$H$13 -> 0 | AG33: ='2.0'!$H$14 -> 0 | AH33: ='2.0'!$H$15 -> 0 | AI33: ='2.0'!$H$16 -> 0 | AJ33: ='2.0'!$H$17 -> 0 | AK33: ='2.0'!$H$18 -> 0 | AL33: ='2.0'!$H$19 -> 0 | AM33: ='2.0'!$H$20 -> 0 | AN33: =$H$21 -> 0 | AO33: {=IFERROR(SUM(($AK$10:$AK$21-$AE$30:$AE$41)^2*(($AK$10:$AK$21-$AE$30:$AE$41)^2>($AL$10:$AL$21-$AE$30:$AE$41)^2)*TRANSPOSE(I12:T12) +($AL$10:$AL$21-$AE$30:$AE$41)^2*(($AK$10:$AK$21-$AE$30:$AE$41)^2<=($AL$10:$AL$21-$AE$30:$AE$41)^2)*TRANSPOSE(I12:T12) )/(SUM(I12:T12)-1),"")} -> 0.29015278 | AP33: {=IFERROR(SUM(($AK$10:$AK$21-$AE$30:$AE$41)^2*(($AK$10:$AK$21-$AE$30:$AE$41)^2<=($AL$10:$AL$21-$AE$30:$AE$41)^2)*TRANSPOSE(I12:T12) +($AL$10:$AL$21-$AE$30:$AE$41)^2*(($AK$10:$AK$21-$AE$30:$AE$41)^2>($AL$10:$AL$21-$AE$30:$AE$41)^2)*TRANSPOSE(I12:T12) )/(SUM(I12:T12)-1),"")} -> 0.22969444
AA34: [30%,40%) | AB34: ='2.0'!$H$8 -> 0 | AC34: ='2.0'!$H$10 -> 0 | AD34: ='2.0'!$H$11 -> 0 | AE34: ='2.0'!$H$12 -> 0 | AF34: ='2.0'!$H$13 -> 0 | AG34: ='2.0'!$H$14 -> 0 | AH34: ='2.0'!$H$15 -> 0 | AI34: ='2.0'!$H$16 -> 0 | AJ34: ='2.0'!$H$17 -> 0 | AK34: ='2.0'!$H$18 -> 0 | AL34: ='2.0'!$H$19 -> 0 | AM34: ='2.0'!$H$20 -> 0 | AN34: =$H$21 -> 0 | AO34: {=IFERROR(SUM(($AK$10:$AK$21-$AF$30:$AF$41)^2*(($AK$10:$AK$21-$AF$30:$AF$41)^2>($AL$10:$AL$21-$AF$30:$AF$41)^2)*TRANSPOSE(I13:T13) +($AL$10:$AL$21-$AF$30:$AF$41)^2*(($AK$10:$AK$21-$AF$30:$AF$41)^2<=($AL$10:$AL$21-$AF$30:$AF$41)^2)*TRANSPOSE(I13:T13) )/(SUM(I13:T13)-1),"")} -> 0.02740277 | AP34: {=IFERROR(SUM(($AK$10:$AK$21-$AF$30:$AF$41)^2*(($AK$10:$AK$21-$AF$30:$AF$41)^2<=($AL$10:$AL$21-$AF$30:$AF$41)^2)*TRANSPOSE(I13:T13) +($AL$10:$AL$21-$AF$30:$AF$41)^2*(($AK$10:$AK$21-$AF$30:$AF$41)^2>($AL$10:$AL$21-$AF$30:$AF$41)^2)*TRANSPOSE(I13:T13) )/(SUM(I13:T13)-1),"")} -> 0.015958977
AA35: [40%,50%) | AB35: ='2.0'!$H$8 -> 0 | AC35: ='2.0'!$H$10 -> 0 | AD35: ='2.0'!$H$11 -> 0 | AE35: ='2.0'!$H$12 -> 0 | AF35: ='2.0'!$H$13 -> 0 | AG35: ='2.0'!$H$14 -> 0 | AH35: ='2.0'!$H$15 -> 0 | AI35: ='2.0'!$H$16 -> 0 | AJ35: ='2.0'!$H$17 -> 0 | AK35: ='2.0'!$H$18 -> 0 | AL35: ='2.0'!$H$19 -> 0 | AM35: ='2.0'!$H$20 -> 0 | AN35: =$H$21 -> 0 | AO35: {=IFERROR(SUM(($AK$10:$AK$21-$AG$30:$AG$41)^2*(($AK$10:$AK$21-$AG$30:$AG$41)^2>($AL$10:$AL$21-$AG$30:$AG$41)^2)*TRANSPOSE(I14:T14) +($AL$10:$AL$21-$AG$30:$AG$41)^2*(($AK$10:$AK$21-$AG$30:$AG$41)^2<=($AL$10:$AL$21-$AG$30:$AG$41)^2)*TRANSPOSE(I14:T14) )/(SUM(I14:T14)-1),"")} -> 0.61442362 | AP35: {=IFERROR(SUM(($AK$10:$AK$21-$AG$30:$AG$41)^2*(($AK$10:$AK$21-$AG$30:$AG$41)^2<=($AL$10:$AL$21-$AG$30:$AG$41)^2)*TRANSPOSE(I14:T14) +($AL$10:$AL$21-$AG$30:$AG$41)^2*(($AK$10:$AK$21-$AG$30:$AG$41)^2>($AL$10:$AL$21-$AG$30:$AG$41)^2)*TRANSPOSE(I14:T14) )/(SUM(I14:T14)-1),"")} -> 0.49139644
AA36: [50%,60%) | AB36: ='2.0'!$H$8 -> 0 | AC36: ='2.0'!$H$10 -> 0 | AD36: ='2.0'!$H$11 -> 0 | AE36: ='2.0'!$H$12 -> 0 | AF36: ='2.0'!$H$13 -> 0 | AG36: ='2.0'!$H$14 -> 0 | AH36: ='2.0'!$H$15 -> 0 | AI36: ='2.0'!$H$16 -> 0 | AJ36: ='2.0'!$H$17 -> 0 | AK36: ='2.0'!$H$18 -> 0 | AL36: ='2.0'!$H$19 -> 0 | AM36: ='2.0'!$H$20 -> 0 | AN36: =$H$21 -> 0 | AO36: {=IFERROR(SUM(($AK$10:$AK$21-$AH$30:$AH$41)^2*(($AK$10:$AK$21-$AH$30:$AH$41)^2>($AL$10:$AL$21-$AH$30:$AH$41)^2)*TRANSPOSE(I15:T15) +($AL$10:$AL$21-$AH$30:$AH$41)^2*(($AK$10:$AK$21-$AH$30:$AH$41)^2<=($AL$10:$AL$21-$AH$30:$AH$41)^2)*TRANSPOSE(I15:T15) )/(SUM(I15:T15)-1),"")} -> 0.34766316 | AP36: {=IFERROR(SUM(($AK$10:$AK$21-$AH$30:$AH$41)^2*(($AK$10:$AK$21-$AH$30:$AH$41)^2<=($AL$10:$AL$21-$AH$30:$AH$41)^2)*TRANSPOSE(I15:T15) +($AL$10:$AL$21-$AH$30:$AH$41)^2*(($AK$10:$AK$21-$AH$30:$AH$41)^2>($AL$10:$AL$21-$AH$30:$AH$41)^2)*TRANSPOSE(I15:T15) )/(SUM(I15:T15)-1),"")} -> 0.27362807
AA37: [60%,70%) | AB37: ='2.0'!$H$8 -> 0 | AC37: ='2.0'!$H$10 -> 0 | AD37: ='2.0'!$H$11 -> 0 | AE37: ='2.0'!$H$12 -> 0 | AF37: ='2.0'!$H$13 -> 0 | AG37: ='2.0'!$H$14 -> 0 | AH37: ='2.0'!$H$15 -> 0 | AI37: ='2.0'!$H$16 -> 0 | AJ37: ='2.0'!$H$17 -> 0 | AK37: ='2.0'!$H$18 -> 0 | AL37: ='2.0'!$H$19 -> 0 | AM37: ='2.0'!$H$20 -> 0 | AN37: =$H$21 -> 0 | AO37: {=IFERROR(SUM(($AK$10:$AK$21-$AI$30:$AI$41)^2*(($AK$10:$AK$21-$AI$30:$AI$41)^2>($AL$10:$AL$21-$AI$30:$AI$41)^2)*TRANSPOSE(I16:T16) +($AL$10:$AL$21-$AI$30:$AI$41)^2*(($AK$10:$AK$21-$AI$30:$AI$41)^2<=($AL$10:$AL$21-$AI$30:$AI$41)^2)*TRANSPOSE(I16:T16) )/(SUM(I16:T16)-1),"")} -> 0.88085797 | AP37: {=IFERROR(SUM(($AK$10:$AK$21-$AI$30:$AI$41)^2*(($AK$10:$AK$21-$AI$30:$AI$41)^2<=($AL$10:$AL$21-$AI$30:$AI$41)^2)*TRANSPOSE(I16:T16) +($AL$10:$AL$21-$AI$30:$AI$41)^2*(($AK$10:$AK$21-$AI$30:$AI$41)^2>($AL$10:$AL$21-$AI$30:$AI$41)^2)*TRANSPOSE(I16:T16) )/(SUM(I16:T16)-1),"")} -> 0.6536378
AA38: [70%,80%) | AB38: ='2.0'!$H$8 -> 0 | AC38: ='2.0'!$H$10 -> 0 | AD38: ='2.0'!$H$11 -> 0 | AE38: ='2.0'!$H$12 -> 0 | AF38: ='2.0'!$H$13 -> 0 | AG38: ='2.0'!$H$14 -> 0 | AH38: ='2.0'!$H$15 -> 0 | AI38: ='2.0'!$H$16 -> 0 | AJ38: ='2.0'!$H$17 -> 0 | AK38: ='2.0'!$H$18 -> 0 | AL38: ='2.0'!$H$19 -> 0 | AM38: ='2.0'!$H$20 -> 0 | AN38: =$H$21 -> 0 | AO38: {=IFERROR(SUM(($AK$10:$AK$21-$AJ$30:$AJ$41)^2*(($AK$10:$AK$21-$AJ$30:$AJ$41)^2>($AL$10:$AL$21-$AJ$30:$AJ$41)^2)*TRANSPOSE(I17:T17) +($AL$10:$AL$21-$AJ$30:$AJ$41)^2*(($AK$10:$AK$21-$AJ$30:$AJ$41)^2<=($AL$10:$AL$21-$AJ$30:$AJ$41)^2)*TRANSPOSE(I17:T17) )/(SUM(I17:T17)-1),"")} -> 0.96390625 | AP38: {=IFERROR(SUM(($AK$10:$AK$21-$AJ$30:$AJ$41)^2*(($AK$10:$AK$21-$AJ$30:$AJ$41)^2<=($AL$10:$AL$21-$AJ$30:$AJ$41)^2)*TRANSPOSE(I17:T17) +($AL$10:$AL$21-$AJ$30:$AJ$41)^2*(($AK$10:$AK$21-$AJ$30:$AJ$41)^2>($AL$10:$AL$21-$AJ$30:$AJ$41)^2)*TRANSPOSE(I17:T17) )/(SUM(I17:T17)-1),"")} -> 0.66027778
AA39: [80%,90%) | AB39: ='2.0'!$H$8 -> 0 | AC39: ='2.0'!$H$10 -> 0 | AD39: ='2.0'!$H$11 -> 0 | AE39: ='2.0'!$H$12 -> 0 | AF39: ='2.0'!$H$13 -> 0 | AG39: ='2.0'!$H$14 -> 0 | AH39: ='2.0'!$H$15 -> 0 | AI39: ='2.0'!$H$16 -> 0 | AJ39: ='2.0'!$H$17 -> 0 | AK39: ='2.0'!$H$18 -> 0 | AL39: ='2.0'!$H$19 -> 0 | AM39: ='2.0'!$H$20 -> 0 | AN39: =$H$21 -> 0 | AO39: {=IFERROR(SUM(($AK$10:$AK$21-$AK$30:$AK$41)^2*(($AK$10:$AK$21-$AK$30:$AK$41)^2>($AL$10:$AL$21-$AK$30:$AK$41)^2)*TRANSPOSE(I18:T18) +($AL$10:$AL$21-$AK$30:$AK$41)^2*(($AK$10:$AK$21-$AK$30:$AK$41)^2<=($AL$10:$AL$21-$AK$30:$AK$41)^2)*TRANSPOSE(I18:T18) )/(SUM(I18:T18)-1),"")} -> 2.0458634 | AP39: {=IFERROR(SUM(($AK$10:$AK$21-$AK$30:$AK$41)^2*(($AK$10:$AK$21-$AK$30:$AK$41)^2<=($AL$10:$AL$21-$AK$30:$AK$41)^2)*TRANSPOSE(I18:T18) +($AL$10:$AL$21-$AK$30:$AK$41)^2*(($AK$10:$AK$21-$AK$30:$AK$41)^2>($AL$10:$AL$21-$AK$30:$AK$41)^2)*TRANSPOSE(I18:T18) )/(SUM(I18:T18)-1),"")} -> 0.73403975
AA40: [90%,100%] | AB40: ='2.0'!$H$8 -> 0 | AC40: ='2.0'!$H$10 -> 0 | AD40: ='2.0'!$H$11 -> 0 | AE40: ='2.0'!$H$12 -> 0 | AF40: ='2.0'!$H$13 -> 0 | AG40: ='2.0'!$H$14 -> 0 | AH40: ='2.0'!$H$15 -> 0 | AI40: ='2.0'!$H$16 -> 0 | AJ40: ='2.0'!$H$17 -> 0 | AK40: ='2.0'!$H$18 -> 0 | AL40: ='2.0'!$H$19 -> 0 | AM40: ='2.0'!$H$20 -> 0 | AN40: =$H$21 -> 0 | AO40: {=IFERROR(SUM(($AK$10:$AK$21-$AL$30:$AL$41)^2*(($AK$10:$AK$21-$AL$30:$AL$41)^2>($AL$10:$AL$21-$AL$30:$AL$41)^2)*TRANSPOSE(I19:T19) +($AL$10:$AL$21-$AL$30:$AL$41)^2*(($AK$10:$AK$21-$AL$30:$AL$41)^2<=($AL$10:$AL$21-$AL$30:$AL$41)^2)*TRANSPOSE(I19:T19) )/(SUM(I19:T19)-1),"")} -> 2.0434616 | AP40: {=IFERROR(SUM(($AK$10:$AK$21-$AL$30:$AL$41)^2*(($AK$10:$AK$21-$AL$30:$AL$41)^2<=($AL$10:$AL$21-$AL$30:$AL$41)^2)*TRANSPOSE(I19:T19) +($AL$10:$AL$21-$AL$30:$AL$41)^2*(($AK$10:$AK$21-$AL$30:$AL$41)^2>($AL$10:$AL$21-$AL$30:$AL$41)^2)*TRANSPOSE(I19:T19) )/(SUM(I19:T19)-1),"")} -> 0.78658815
AA41: >100% | AB41: ='2.0'!$H$8 -> 0 | AC41: ='2.0'!$H$10 -> 0 | AD41: ='2.0'!$H$11 -> 0 | AE41: ='2.0'!$H$12 -> 0 | AF41: ='2.0'!$H$13 -> 0 | AG41: ='2.0'!$H$14 -> 0 | AH41: ='2.0'!$H$15 -> 0 | AI41: ='2.0'!$H$16 -> 0 | AJ41: ='2.0'!$H$17 -> 0 | AK41: ='2.0'!$H$18 -> 0 | AL41: ='2.0'!$H$19 -> 0 | AM41: ='2.0'!$H$20 -> 0 | AN41: =$H$21 -> 0 | AO41: {=IFERROR(SUM(($AK$10:$AK$21-$AM$30:$AM$41)^2*(($AK$10:$AK$21-$AM$30:$AM$41)^2>($AL$10:$AL$21-$AM$30:$AM$41)^2)*TRANSPOSE(I20:T20) +($AL$10:$AL$21-$AM$30:$AM$41)^2*(($AK$10:$AK$21-$AM$30:$AM$41)^2<=($AL$10:$AL$21-$AM$30:$AM$41)^2)*TRANSPOSE(I20:T20) )/(SUM(I20:T20)-1),"")} -> 1.0534273 | AP41: {=IFERROR(SUM(($AK$10:$AK$21-$AM$30:$AM$41)^2*(($AK$10:$AK$21-$AM$30:$AM$41)^2<=($AL$10:$AL$21-$AM$30:$AM$41)^2)*TRANSPOSE(I20:T20) +($AL$10:$AL$21-$AM$30:$AM$41)^2*(($AK$10:$AK$21-$AM$30:$AM$41)^2>($AL$10:$AL$21-$AM$30:$AM$41)^2)*TRANSPOSE(I20:T20) )/(SUM(I20:T20)-1),"")} -> 0.70311521
AO42: {=IFERROR(SUM(($AK$10:$AK$21-$AN$30:$AN$41)^2*(($AK$10:$AK$21-$AN$30:$AN$41)^2>($AL$10:$AL$21-$AN$30:$AN$41)^2)*TRANSPOSE(I21:T21) +($AL$10:$AL$21-$AN$30:$AN$41)^2*(($AK$10:$AK$21-$AN$30:$AN$41)^2<=($AL$10:$AL$21-$AN$30:$AN$41)^2)*TRANSPOSE(I21:T21) )/(SUM(I21:T21)-1),"")} -> 2.8010124 | AP42: {=IFERROR(SUM(($AK$10:$AK$21-$AN$30:$AN$41)^2*(($AK$10:$AK$21-$AN$30:$AN$41)^2<=($AL$10:$AL$21-$AN$30:$AN$41)^2)*TRANSPOSE(I21:T21) +($AL$10:$AL$21-$AN$30:$AN$41)^2*(($AK$10:$AK$21-$AN$30:$AN$41)^2>($AL$10:$AL$21-$AN$30:$AN$41)^2)*TRANSPOSE(I21:T21) )/(SUM(I21:T21)-1),"")} -> 0.5784537

Sheet 2.1
B2: LGD 2.1 - BACK-TESTING LGD (LESS THAN 20 FACILITY GRADES OR POOLS)
B3: =IF('1.2'!D11="Continous Model","You choose to submit a continuous model [see tab 1.2]. Leave this tab blank.","")
D4: Name of facility grade / pool | E4: Number of facilities (back-testing) | F4: Number-weighted average of estimated LGD without downturn component (if available) | G4: Number-weighted average of estimated LGD (LGD^E) | H4: Number-weighted average of realised LGD (LGD^R) | I4: Observed frequencies realised LGD (LGD^R) | AD4: T-test | AH4: DQ check | AZ4: Discriminatory power
I5: =IF(G9<>"",CONCATENATE("[0",", ",ROUND(G9,3),"]"),"" ) | J5: =IF(G10<>"",CONCATENATE("(",ROUND(G9,3),", ",ROUND(G10,3),"]"),IF(G9<>"",CONCATENATE("(",ROUND(G9,3),", ∞","]"),"" )) | K5: =IF(G11<>"",CONCATENATE("(",ROUND(G10,3),", ",ROUND(G11,3),"]"),IF(G10<>"",CONCATENATE("(",ROUND(G10,3),", ∞","]"),"" )) | L5: =IF(G12<>"",CONCATENATE("(",ROUND(G11,3),", ",ROUND(G12,3),"]"),IF(G11<>"",CONCATENATE("(",ROUND(G11,3),", ∞","]"),"" )) | M5: =IF(G13<>"",CONCATENATE("(",ROUND(G12,3),", ",ROUND(G13,3),"]"),IF(G12<>"",CONCATENATE("(",ROUND(G12,3),", ∞","]"),"" )) | N5: =IF(G14<>"",CONCATENATE("(",ROUND(G13,3),", ",ROUND(G14,3),"]"),IF(G13<>"",CONCATENATE("(",ROUND(G13,3),", ∞","]"),"" )) | O5: =IF(G15<>"",CONCATENATE("(",ROUND(G14,3),", ",ROUND(G15,3),"]"),IF(G14<>"",CONCATENATE("(",ROUND(G14,3),", ∞","]"),"" )) | P5: =IF(G16<>"",CONCATENATE("",ROUND(G15,3),", ",ROUND(G16,3),"]"),IF(G15<>"",CONCATENATE("(",ROUND(G15,3),", ∞","]"),"" )) | Q5: =IF(G17<>"",CONCATENATE("(",ROUND(G16,3),", ",ROUND(G17,3),"]"),IF(G16<>"",CONCATENATE("(",ROUND(G16,3),", ∞","]"),"" )) | R5: =IF(G18<>"",CONCATENATE("(",ROUND(G17,3),", ",ROUND(G18,3),"]"),IF(G17<>"",CONCATENATE("(",ROUND(G17,3),", ∞","]"),"" )) | S5: =IF(G19<>"",CONCATENATE("(",ROUND(G18,3),", ",ROUND(G19,3),"]"),IF(G18<>"",CONCATENATE("(",ROUND(G18,3),", ∞","]"),"" )) | T5: =IF(G20<>"",CONCATENATE("(",ROUND(G19,3),", ",ROUND(G20,3),"]"),IF(G19<>"",CONCATENATE("(",ROUND(G19,3),", ∞","]"),"" )) | U5: =IF(G21<>"",CONCATENATE("(",ROUND(G20,3),", ",ROUND(G21,3),"]"),IF(G20<>"",CONCATENATE("(",ROUND(G20,3),", ∞","]"),"" )) | V5: =IF(G22<>"",CONCATENATE("(",ROUND(G21,3),", ",ROUND(G22,3),"]"),IF(G21<>"",CONCATENATE("(",ROUND(G21,3),", ∞","]"),"" )) | W5: =IF(G23<>"",CONCATENATE("(",ROUND(G22,3),", ",ROUND(G23,3),"]"),IF(G22<>"",CONCATENATE("(",ROUND(G22,3),", ∞","]"),"" )) | X5: =IF(G24<>"",CONCATENATE("(",ROUND(G23,3),", ",ROUND(G24,3),"]"),IF(G23<>"",CONCATENATE("(",ROUND(G24,3),", ∞","]"),"" )) | Y5: =IF(G25<>"",CONCATENATE("(",ROUND(G24,3),", ",ROUND(G25,3),"]"),IF(G24<>"",CONCATENATE("(",ROUND(G24,3),", ∞","]"),"" )) | Z5: =IF(G26<>"",CONCATENATE("(",ROUND(G25,3),", ",ROUND(G26,3),"]"),IF(G25<>"",CONCATENATE("(",ROUND(G25,3),", ∞","]"),"" )) | AA5: =IF(G27<>"",CONCATENATE("(",ROUND(G26,3),", ",ROUND(G27,3),"]"),IF(G26<>"",CONCATENATE("(",ROUND(G26,3),", ∞","]"),"" )) | AB5: =IF(G28<>"",CONCATENATE("(",ROUND(G27,3),", ",ROUND(G28,3),"]"),IF(G27<>"",CONCATENATE("(",ROUND(G27,3),", ∞","]"),"" )) | AC5: =IF(G29<>"",CONCATENATE("(",ROUND(G28,3),", ",ROUND(G29,3),"]"),IF(G28<>"",CONCATENATE("(",ROUND(G28,3),", ∞","]"),"" )) | AD5: Variance (s^2_LGD) | AE5: Test statistic (T) | AF5: P-value (1-S_N-1(T)) | AH5: Assessment | AI5: Comment | AJ5: Row complete | AK5: Sum of facilities in pools equals portfolio level? | AL5: Are all facility grades/pools ordinally ordered? | AM5: LGD realisation bounds | AP5: LGD variance bounds | AS5: P-value t-test | AT5: P-value t-test | AU5: LGD_LB | AV5: LGD_UB | AW5: LGD^E_prox
D6: 010 | E6: 020 | F6: 030 | G6: 040 | H6: 050 | I6: 060 | J6: 070 | K6: 080 | L6: 090 | M6: 100 | N6: 110 | O6: 120 | P6: 130 | Q6: 140 | R6: 150 | S6: 160 | T6: 170 | U6: 180 | V6: 190 | W6: 200 | X6: 210 | Y6: 220 | Z6: 230 | AA6: 240 | AB6: 250 | AC6: 260 | AD6: 270 | AE6: 280 | AF6: 290 | AM6: LGD^R_low | AN6: LGD^R_up | AO6: LGD_R bounds | AP6: VAR_low | AQ6: VAR_up | AR6: VAR_in_bounds | AZ6: ECB calculation | BD6: ECB calculation for Aij-Dij
B7: 100 | C7: Portfolio | AH7: =IF(COUNTA(D7:AF7)=0,"",IF(OR('2.1'!AJ7="NOT OK",AK7="NOT OK",AL7="NOT OK",AT7="NOT OK",ISNUMBER(SEARCH("is not a weighted average of the segment values",AI7))),"NOT OK",IF(OR(AO7="WARNING",AR7="WARNING"),"WARNING","OK"))) | AI7: =IF(COUNTA(D7:AF7)=0,"", IF('2.1'!AJ7="NOT OK","Row incomplete. Check if zeros values are missing in the row.",IF(AK7="NOT OK","The number of facilities in buckets does not sum up to the total number.",IF(AT7="NOT OK","The p-value of t-Test differs from ECB calculation.",IF(ABS(SUMPRODUCT(E9:E28,G9:G28)/E7-G7)>0.00001,"Cell G7 is not a weighted average of the segment values.[ECB calculation: "&ROUND(SUMPRODUCT(E9:E28,G9:G28)/E7,6)&"]",IF(ABS(SUMPRODUCT(E9:E28,H9:H28)/E7-H7)>0.00001,"Cell H7 is not a weighted average of the segment values.[ECB calculation: "&ROUND(SUMPRODUCT(E9:E28,H9:H28)/E7,6)&"]",IF(AO7="WARNING","The average LGD^R seems implausible with the given LGD realisation.",IF(AR7="WARNING","The variance of the LGD seems implausible with the given realisation.",IF(SUM(I9:I28)<>I7,"Cell I7 is not the sum of the segment values.[ECB calculation: "&SUM(I9:I28)&"]",IF(SUM(J9:J28)<>J7,"Cell J7 is not the sum of the segment values.[ECB calculation: "&SUM(J9:J28)&"]",IF(SUM(K9:K28)<>K7,"Cell K7 is not the sum of the segment values.[ECB calculation: "&SUM(K9:K28)&"]",IF(SUM(L9:L28)<>L7,"Cell L7 is not the sum of the segment values.[ECB calculation: "&SUM(L9:L28)&"]",IF(SUM(M9:M28)<>M7,"Cell M7 is not the sum of the segment values.[ECB calculation: "&SUM(M9:M28)&"]",IF(SUM(N9:N28)<>N7,"Cell N7 is not the sum of the segment values.[ECB calculation: "&SUM(N9:N28)&"]",IF(SUM(O9:O28)<>O7,"Cell O7 is not the sum of the segment values.[ECB calculation: "&SUM(O9:O28)&"]",IF(SUM(P9:P28)<>P7,"Cell P7 is not the sum of the segment values.[ECB calculation: "&SUM(P9:P28)&"]",IF(SUM(Q9:Q28)<>Q7,"Cell Q7 is not the sum of the segment values.[ECB calculation: "&SUM(Q9:Q28)&"]",IF(SUM(R9:R28)<>R7,"Cell R7 is not the sum of the segment values.[ECB calculation: "&SUM(R9:R28)&"]",IF(SUM(S9:S28)<>S7,"Cell S7 is not the sum of the segment values.[ECB calculation: "&SUM(S9:S28)&"]",IF(SUM(T9:T28)<>T7,"Cell T7 is not the sum of the segment values.[ECB calculation: "&SUM(T9:T28)&"]",IF(SUM(U9:U28)<>U7,"Cell U7 is not the sum of the segment values.[ECB calculation: "&SUM(U9:U28)&"]",IF(SUM(V9:V28)<>V7,"Cell V7 is not the sum of the segment values.[ECB calculation: "&SUM(V9:V28)&"]",IF(SUM(W9:W28)<>W7,"Cell W7 is not the sum of the segment values.[ECB calculation: "&SUM(W9:W28)&"]",IF(SUM(X9:X28)<>X7,"Cell X7 is not the sum of the segment values.[ECB calculation: "&SUM(X9:X28)&"]",IF(SUM(Y9:Y28)<>Y7,"Cell Y7 is not the sum of the segment values.[ECB calculation: "&SUM(Y9:Y28)&"]",IF(SUM(Z9:Z28)<>Z7,"Cell Z7 is not the sum of the segment values.[ECB calculation: "&SUM(Z9:Z28)&"]",IF(SUM(AA9:AA28)<>AA7,"Cell AA7 is not the sum of the segment values.[ECB calculation: "&SUM(AA9:AA28)&"]",IF(SUM(AB9:AB28)<>AB7,"Cell AB7 is not the sum of the segment values.[ECB calculation: "&SUM(AB9:AB28)&"]",IF(SUM(AC9:AC28)<>AC7,"Cell AC7 is not the sum of the segment values.[ECB calculation: "&SUM(AC9:AC28)&"]",IF(F7>G7,"Cell F8 should be smaller or equal to Cell G8.","")))))))))))))))))))))))))))))) | AJ7: =IF(COUNTA(E7:AF7)=0,"",IF('2.1'!F7<>"",IF(COUNTA(E7:AF7)=COUNTA($D$9:$D$28)+7+1,"OK",IF(AND(E7=1,COUNTA(E7:AF7)=COUNTA($D$9:$D$28)+4+1),"OK","NOT OK")),IF(COUNTA(E7:AF7)=COUNTA($D$9:$D$28)+7,"OK",IF(AND(E7=1,COUNTA(E7:AF7)=COUNTA($D$9:$D$28)+4+1),"OK","NOT OK")))) | AK7: =IF(COUNTA(E7:AC7)=0,"",IF(AND('2.1'!E7=SUM(I7:AC7),E7=SUM(E9:E28)),"OK","NOT OK")) | AM7: {=IFERROR(SUM(I7:AC7*TRANSPOSE($AU$8:$AU$28))/SUM(I7:AC7),"")} | AN7: {=IFERROR(SUM(I7:AC7*TRANSPOSE($AV$8:$AV$28))/SUM(I7:AC7),"")} | AO7: =IF(COUNTA(D7:AF7)=0,"",IFERROR(IF(AND('2.1'!H7>=AM7,H7<=AN7),"OK","WARNING"),"")) | AP7: =IF(COUNTA(D7:AF7)=0,"",IFERROR('2.1'!BG37,"")) | AQ7: =IF(COUNTA(D7:AF7)=0,"",IFERROR('2.1'!BF37,"")) | AR7: =IF(COUNTA(D7:AF7)=0,"",IFERROR(IF(AND('2.1'!AD7>=AP7,AD7<=AQ7),"OK","WARNING"),"")) | AS7: =IFERROR(IF(COUNTA(D7:AF7)=0,"",1-_xlfn.T.DIST(SQRT(E7)*(H7-G7)/SQRT('2.1'!AD7),E7-1,TRUE)),"") | AT7: =IFERROR(IF(COUNTA(D7:AF7)=0,"",IF(ABS(AF7-'2.1'!AS7)>0.00001,"NOT OK","OK")),"") | AZ7: N | BA7: =SUM(I9:AC28) -> 0 | BD7: N | BE7: i/j
AU8: 0 | AV8: =IF('2.1'!G9<>"",G9,IF(G8=0,0,3)) -> 0 | AZ8: w_r | BA8: =POWER($BA$7,2)-SUMPRODUCT(BD9:BD28,BD9:BD28) -> 0 | BF8: 1 | BG8: 2 | BH8: 3 | BI8: 4 | BJ8: 5 | BK8: 6 | BL8: 7 | BM8: 8 | BN8: 9 | BO8: 10 | BP8: 11 | BQ8: 12 | BR8: 13 | BS8: 14 | BT8: 15 | BU8: 16 | BV8: 17 | BW8: 18 | BX8: 19 | BY8: 20 | BZ8: 21
B9: 201 | C9: Facility grade / pool 1 | AH9: =IF(AND(COUNTA(D9:AF9)=0,D10=""),"",IF(AND('2.1'!E9=0,COUNTA(H9:AF9)>0),"NOT OK",IF(AND(COUNTA(D9:AF9)=0,D10<>""),"NOT OK",IF(OR(AJ9="NOT OK",AK9="NOT OK",AL9="NOT OK",AT9="NOT OK"),"NOT OK",IF(OR(AO9="WARNING",AR9="WARNING"),"WARNING","OK"))))) | AI9: =IF(AND(COUNTA(D9:AF9)=0,'2.1'!D10=""),"",IF(AND(E9=0,COUNTA(H9:AF9)>0),"As number of facilities is zero, please leave columns H to AF empty.",IF(AND(COUNTA(D9:AF9)=0,D10<>""),"Empty lines between grades not allowed.",IF(AND(D9<>"",OR(E9="",G9="")),"Information is missing for this facility grade/pool. Please report number of facilities and average LGD estimate.",IF(AJ9="NOT OK","Row incomplete. Check if zeros values are missing in the row.",IF(AK9="NOT OK","The number of facilities in buckets does not sum up to the total number.",IF(AL9="NOT OK","Please order the pools in ascending order of the weighted average of estimated LGD.",IF(AT9="NOT OK","The p-value of t-Test differs from ECB calculation.",IF(AO9="WARNING","The average LGD^R seems implausible with the given LGD realisation.",IF(AR9="WARNING","The variance of the LGD seems implausible with the given realisation.","")))))))))) | AJ9: =IF(AND(COUNTA(D9:AF9)=0,'2.1'!D10=""),"",IF(AND(D9<>"",OR(E9="",G9="")),"NOT OK",IF(AND(D9<>"",E9<>"",E9=0,G9<>""),"OK",IF(COUNTA(D9:AF9)=COUNTA($D$9:$D$28)+7+1,"OK",IF(AND(E9=1,COUNTA(D9:AF9)=COUNTA($D$9:$D$28)+4+1),"OK","NOT OK"))))) | AK9: =IF(OR(AND(D9<>"",'2.1'!E9 =0),COUNTA(D9:AF9)=0),"",IF(E9=SUM(I9:AC9),"OK","NOT OK")) | AL9: =IF('2.1'!G9="","",IF(G9<G8,"NOT OK", "OK")) | AM9: {=IFERROR(SUM(I9:AC9*TRANSPOSE($AU$8:$AU$28))/SUM(I9:AC9),"")} | AN9: {=IFERROR(SUM(I9:AC9*TRANSPOSE($AV$8:$AV$28))/SUM(I9:AC9),"")} | AO9: =IF(OR(AND(D9<>"",'2.1'!E9 =0),COUNTA(D9:AF9)=0),"",IFERROR(IF(AND(H9>=AM9,H9<=AN9),"OK","WARNING"),"")) | AP9: =IF(COUNTA(H9:AF9)=0,"",IFERROR('2.1'!BG38,"")) | AQ9: =IF(COUNTA(H9:AF9)=0,"",IFERROR('2.1'!BF38,"")) | AR9: =IF(OR(AND(D9<>"",E9 =0),COUNTA(D9:AF9)=0),"",IFERROR(IF(AND('2.1'!AD9>=AP9,AD9<=AQ9),"OK","WARNING"),"")) | AS9: =IFERROR(IF(COUNTA(D9:AF9)=0,"",1-_xlfn.T.DIST(SQRT(E9)*(H9-G9)/SQRT('2.1'!AD9),E9-1,TRUE)),"") | AT9: =IFERROR(IF(COUNTA(D9:AF9)=0,"",IF(ABS(AF9-'2.1'!AS9)>0.00001,"NOT OK","OK")),"") | AU9: ='2.1'!G9 -> 0 | AV9: =IF('2.1'!G10<>"",G10,IF(G9=0,0,3)) -> 0 | AW9: =IFERROR('2.1'!AV9/2+AU9/2,"") -> 0 | AZ9: P-Q | BA9: {=SUM((BF9:BZ28)*$I$9:$AC$28)} -> 0 | BD9: =SUM('2.1'!I9:AC9) -> 0 | BE9: 1 | BF9: {=(SUM(($BF$8:$BZ$8<BF$8)*($BE$9:$BE$28<$BE9)*$I$9:$AC$28)+SUM(($BF$8:$BZ$8>BF$8)*($BE$9:$BE$28>$BE9)*$I$9:$AC$28)-(SUM(($BF$8:$BZ$8>BF$8)*($BE$9:$BE$28<$BE9)*$I$9:$AC$28)+SUM(($BF$8:$BZ$8<BF$8)*($BE$9:$BE$28>$BE9)*$I$9:$AC$28)))*(INDEX($I$9:$AC$28,$BE9,BF$8)>0)} -> 0 | BG9: {=(SUM(($BF$8:$BZ$8<BG$8)*($BE$9:$BE$28<$BE9)*$I$9:$AC$28)+SUM(($BF$8:$BZ$8>BG$8)*($BE$9:$BE$28>$BE9)*$I$9:$AC$28)-(SUM(($BF$8:$BZ$8>BG$8)*($BE$9:$BE$28<$BE9)*$I$9:$AC$28)+SUM(($BF$8:$BZ$8<BG$8)*($BE$9:$BE$28>$BE9)*$I$9:$AC$28)))*(INDEX($I$9:$AC$28,$BE9,BG$8)>0)} -> 0 | BH9: {=(SUM(($BF$8:$BZ$8<BH$8)*($BE$9:$BE$28<$BE9)*$I$9:$AC$28)+SUM(($BF$8:$BZ$8>BH$8)*($BE$9:$BE$28>$BE9)*$I$9:$AC$28)-(SUM(($BF$8:$BZ$8>BH$8)*($BE$9:$BE$28<$BE9)*$I$9:$AC$28)+SUM(($BF$8:$BZ$8<BH$8)*($BE$9:$BE$28>$BE9)*$I$9:$AC$28)))*(INDEX($I$9:$AC$28,$BE9,BH$8)>0)} -> 0 | BI9: {=(SUM(($BF$8:$BZ$8<BI$8)*($BE$9:$BE$28<$BE9)*$I$9:$AC$28)+SUM(($BF$8:$BZ$8>BI$8)*($BE$9:$BE$28>$BE9)*$I$9:$AC$28)-(SUM(($BF$8:$BZ$8>BI$8)*($BE$9:$BE$28<$BE9)*$I$9:$AC$28)+SUM(($BF$8:$BZ$8<BI$8)*($BE$9:$BE$28>$BE9)*$I$9:$AC$28)))*(INDEX($I$9:$AC$28,$BE9,BI$8)>0)} -> 0 | BJ9: {=(SUM(($BF$8:$BZ$8<BJ$8)*($BE$9:$BE$28<$BE9)*$I$9:$AC$28)+SUM(($BF$8:$BZ$8>BJ$8)*($BE$9:$BE$28>$BE9)*$I$9:$AC$28)-(SUM(($BF$8:$BZ$8>BJ$8)*($BE$9:$BE$28<$BE9)*$I$9:$AC$28)+SUM(($BF$8:$BZ$8<BJ$8)*($BE$9:$BE$28>$BE9)*$I$9:$AC$28)))*(INDEX($I$9:$AC$28,$BE9,BJ$8)>0)} -> 0 | BK9: {=(SUM(($BF$8:$BZ$8<BK$8)*($BE$9:$BE$28<$BE9)*$I$9:$AC$28)+SUM(($BF$8:$BZ$8>BK$8)*($BE$9:$BE$28>$BE9)*$I$9:$AC$28)-(SUM(($BF$8:$BZ$8>BK$8)*($BE$9:$BE$28<$BE9)*$I$9:$AC$28)+SUM(($BF$8:$BZ$8<BK$8)*($BE$9:$BE$28>$BE9)*$I$9:$AC$28)))*(INDEX($I$9:$AC$28,$BE9,BK$8)>0)} -> 0 | BL9: {=(SUM(($BF$8:$BZ$8<BL$8)*($BE$9:$BE$28<$BE9)*$I$9:$AC$28)+SUM(($BF$8:$BZ$8>BL$8)*($BE$9:$BE$28>$BE9)*$I$9:$AC$28)-(SUM(($BF$8:$BZ$8>BL$8)*($BE$9:$BE$28<$BE9)*$I$9:$AC$28)+SUM(($BF$8:$BZ$8<BL$8)*($BE$9:$BE$28>$BE9)*$I$9:$AC$28)))*(INDEX($I$9:$AC$28,$BE9,BL$8)>0)} -> 0 | BM9: {=(SUM(($BF$8:$BZ$8<BM$8)*($BE$9:$BE$28<$BE9)*$I$9:$AC$28)+SUM(($BF$8:$BZ$8>BM$8)*($BE$9:$BE$28>$BE9)*$I$9:$AC$28)-(SUM(($BF$8:$BZ$8>BM$8)*($BE$9:$BE$28<$BE9)*$I$9:$AC$28)+SUM(($BF$8:$BZ$8<BM$8)*($BE$9:$BE$28>$BE9)*$I$9:$AC$28)))*(INDEX($I$9:$AC$28,$BE9,BM$8)>0)} -> 0 | ... BZ9: {=(SUM(($BF$8:$BZ$8<BZ$8)*($BE$9:$BE$28<$BE9)*$I$9:$AC$28)+SUM(($BF$8:$BZ$8>BZ$8)*($BE$9:$BE$28>$BE9)*$I$9:$AC$28)-(SUM(($BF$8:$BZ$8>BZ$8)*($BE$9:$BE$28<$BE9)*$I$9:$AC$28)+SUM(($BF$8:$BZ$8<BZ$8)*($BE$9:$BE$28>$BE9)*$I$9:$AC$28)))*(INDEX($I$9:$AC$28,$BE9,BZ$8)>0)} -> 0 | CE9: {=($AV$8:$AV$28-$AM$37:$AM$57)^2} -> 0 | CF9: {=($AV$8:$AV$28-$AK$37:$AK$57)^2} -> 0 | CG9: {=(($AU$8:$AU$28-$AK$37:$AK$57)^2>($AV$8:$AV$28-$AK$37:$AK$57)^2)} -> FALSE | CH9: {=($AU$8:$AU$28-$AK$37:$AK$57)^2*(($AU$8:$AU$28-$AK$37:$AK$57)^2>($AV$8:$AV$28-$AK$37:$AK$57)^2)} -> 0
B10: 202 | C10: Facility grade / pool 2 | AH10: =IF(AND(COUNTA(D10:AF10)=0,D11=""),"",IF(AND('2.1'!E10=0,COUNTA(H10:AF10)>0),"NOT OK",IF(AND(COUNTA(D10:AF10)=0,D11<>""),"NOT OK",IF(OR(AJ10="NOT OK",AK10="NOT OK",AL10="NOT OK",AT10="NOT OK"),"NOT OK",IF(OR(AO10="WARNING",AR10="WARNING"),"WARNING","OK"))))) | AI10: =IF(AND(COUNTA(D10:AF10)=0,'2.1'!D11=""),"",IF(AND(E10=0,COUNTA(H10:AF10)>0),"As number of facilities is zero, please leave columns H to AF empty.",IF(AND(COUNTA(D10:AF10)=0,D11<>""),"Empty lines between grades not allowed.",IF(AND(D10<>"",OR(E10="",G10="")),"Information is missing for this facility grade/pool. Please report number of facilities and average LGD estimate.",IF(AJ10="NOT OK","Row incomplete. Check if zeros values are missing in the row.",IF(AK10="NOT OK","The number of facilities in buckets does not sum up to the total number.",IF(AL10="NOT OK","Please order the pools in ascending order of the weighted average of estimated LGD.",IF(AT10="NOT OK","The p-value of t-Test differs from ECB calculation.",IF(AO10="WARNING","The average LGD^R seems implausible with the given LGD realisation.",IF(AR10="WARNING","The variance of the LGD seems implausible with the given realisation.","")))))))))) | AJ10: =IF(AND(COUNTA(D10:AF10)=0,'2.1'!D11=""),"",IF(AND(D10<>"",OR(E10="",G10="")),"NOT OK",IF(AND(D10<>"",E10<>"",E10=0,G10<>""),"OK",IF(COUNTA(D10:AF10)=COUNTA($D$9:$D$28)+7+1,"OK",IF(AND(E10=1,COUNTA(D10:AF10)=COUNTA($D$9:$D$28)+4+1),"OK","NOT OK"))))) | AK10: =IF(OR(AND(D10<>"",'2.1'!E10 =0),COUNTA(D10:AF10)=0),"",IF(E10=SUM(I10:AC10),"OK","NOT OK")) | AL10: =IF('2.1'!G10="","",IF(G10<G9,"NOT OK", "OK")) | AM10: {=IFERROR(SUM(I10:AC10*TRANSPOSE($AU$8:$AU$28))/SUM(I10:AC10),"")} | AN10: {=IFERROR(SUM(I10:AC10*TRANSPOSE($AV$8:$AV$28))/SUM(I10:AC10),"")} | AO10: =IF(OR(AND(D10<>"",'2.1'!E10 =0),COUNTA(D10:AF10)=0),"",IFERROR(IF(AND(H10>=AM10,H10<=AN10),"OK","WARNING"),"")) | AP10: =IF(COUNTA(H10:AF10)=0,"",IFERROR('2.1'!BG39,"")) | AQ10: =IF(COUNTA(H10:AF10)=0,"",IFERROR('2.1'!BF39,"")) | AR10: =IF(OR(AND(D10<>"",E10 =0),COUNTA(D10:AF10)=0),"",IFERROR(IF(AND('2.1'!AD10>=AP10,AD10<=AQ10),"OK","WARNING"),"")) | AS10: =IFERROR(IF(COUNTA(D10:AF10)=0,"",1-_xlfn.T.DIST(SQRT(E10)*(H10-G10)/SQRT('2.1'!AD10),E10-1,TRUE)),"") | AT10: =IFERROR(IF(COUNTA(D10:AF10)=0,"",IF(ABS(AF10-'2.1'!AS10)>0.00001,"NOT OK","OK")),"") | AU10: ='2.1'!G10 -> 0 | AV10: =IF('2.1'!G11<>"",G11,IF(G10=0,0,3)) -> 0 | AW10: =IFERROR('2.1'!AV10/2+AU10/2,"") -> 0 | AZ10: D(C|R) | BA10: =BA9/BA8 -> #DIV/0! | BD10: =SUM('2.1'!I10:AC10) -> 0 | BE10: 2 | BF10: {=(SUM(($BF$8:$BZ$8<BF$8)*($BE$9:$BE$28<$BE10)*$I$9:$AC$28)+SUM(($BF$8:$BZ$8>BF$8)*($BE$9:$BE$28>$BE10)*$I$9:$AC$28)-(SUM(($BF$8:$BZ$8>BF$8)*($BE$9:$BE$28<$BE10)*$I$9:$AC$28)+SUM(($BF$8:$BZ$8<BF$8)*($BE$9:$BE$28>$BE10)*$I$9:$AC$28)))*(INDEX($I$9:$AC$28,$BE10,BF$8)>0)} -> 0 | BG10: {=(SUM(($BF$8:$BZ$8<BG$8)*($BE$9:$BE$28<$BE10)*$I$9:$AC$28)+SUM(($BF$8:$BZ$8>BG$8)*($BE$9:$BE$28>$BE10)*$I$9:$AC$28)-(SUM(($BF$8:$BZ$8>BG$8)*($BE$9:$BE$28<$BE10)*$I$9:$AC$28)+SUM(($BF$8:$BZ$8<BG$8)*($BE$9:$BE$28>$BE10)*$I$9:$AC$28)))*(INDEX($I$9:$AC$28,$BE10,BG$8)>0)} -> 0 | BH10: {=(SUM(($BF$8:$BZ$8<BH$8)*($BE$9:$BE$28<$BE10)*$I$9:$AC$28)+SUM(($BF$8:$BZ$8>BH$8)*($BE$9:$BE$28>$BE10)*$I$9:$AC$28)-(SUM(($BF$8:$BZ$8>BH$8)*($BE$9:$BE$28<$BE10)*$I$9:$AC$28)+SUM(($BF$8:$BZ$8<BH$8)*($BE$9:$BE$28>$BE10)*$I$9:$AC$28)))*(INDEX($I$9:$AC$28,$BE10,BH$8)>0)} -> 0 | BI10: {=(SUM(($BF$8:$BZ$8<BI$8)*($BE$9:$BE$28<$BE10)*$I$9:$AC$28)+SUM(($BF$8:$BZ$8>BI$8)*($BE$9:$BE$28>$BE10)*$I$9:$AC$28)-(SUM(($BF$8:$BZ$8>BI$8)*($BE$9:$BE$28<$BE10)*$I$9:$AC$28)+SUM(($BF$8:$BZ$8<BI$8)*($BE$9:$BE$28>$BE10)*$I$9:$AC$28)))*(INDEX($I$9:$AC$28,$BE10,BI$8)>0)} -> 0 | BJ10: {=(SUM(($BF$8:$BZ$8<BJ$8)*($BE$9:$BE$28<$BE10)*$I$9:$AC$28)+SUM(($BF$8:$BZ$8>BJ$8)*($BE$9:$BE$28>$BE10)*$I$9:$AC$28)-(SUM(($BF$8:$BZ$8>BJ$8)*($BE$9:$BE$28<$BE10)*$I$9:$AC$28)+SUM(($BF$8:$BZ$8<BJ$8)*($BE$9:$BE$28>$BE10)*$I$9:$AC$28)))*(INDEX($I$9:$AC$28,$BE10,BJ$8)>0)} -> 0 | BK10: {=(SUM(($BF$8:$BZ$8<BK$8)*($BE$9:$BE$28<$BE10)*$I$9:$AC$28)+SUM(($BF$8:$BZ$8>BK$8)*($BE$9:$BE$28>$BE10)*$I$9:$AC$28)-(SUM(($BF$8:$BZ$8>BK$8)*($BE$9:$BE$28<$BE10)*$I$9:$AC$28)+SUM(($BF$8:$BZ$8<BK$8)*($BE$9:$BE$28>$BE10)*$I$9:$AC$28)))*(INDEX($I$9:$AC$28,$BE10,BK$8)>0)} -> 0 | BL10: {=(SUM(($BF$8:$BZ$8<BL$8)*($BE$9:$BE$28<$BE10)*$I$9:$AC$28)+SUM(($BF$8:$BZ$8>BL$8)*($BE$9:$BE$28>$BE10)*$I$9:$AC$28)-(SUM(($BF$8:$BZ$8>BL$8)*($BE$9:$BE$28<$BE10)*$I$9:$AC$28)+SUM(($BF$8:$BZ$8<BL$8)*($BE$9:$BE$28>$BE10)*$I$9:$AC$28)))*(INDEX($I$9:$AC$28,$BE10,BL$8)>0)} -> 0 | BM10: {=(SUM(($BF$8:$BZ$8<BM$8)*($BE$9:$BE$28<$BE10)*$I$9:$AC$28)+SUM(($BF$8:$BZ$8>BM$8)*($BE$9:$BE$28>$BE10)*$I$9:$AC$28)-(SUM(($BF$8:$BZ$8>BM$8)*($BE$9:$BE$28<$BE10)*$I$9:$AC$28)+SUM(($BF$8:$BZ$8<BM$8)*($BE$9:$BE$28>$BE10)*$I$9:$AC$28)))*(INDEX($I$9:$AC$28,$BE10,BM$8)>0)} -> 0 | ... BZ10: {=(SUM(($BF$8:$BZ$8<BZ$8)*($BE$9:$BE$28<$BE10)*$I$9:$AC$28)+SUM(($BF$8:$BZ$8>BZ$8)*($BE$9:$BE$28>$BE10)*$I$9:$AC$28)-(SUM(($BF$8:$BZ$8>BZ$8)*($BE$9:$BE$28<$BE10)*$I$9:$AC$28)+SUM(($BF$8:$BZ$8<BZ$8)*($BE$9:$BE$28>$BE10)*$I$9:$AC$28)))*(INDEX($I$9:$AC$28,$BE10,BZ$8)>0)} -> 0 | CE10: 0 | CF10: 0 | CG10: FALSE | CH10: 0
B11: 203 | C11: Facility grade / pool 3 | AH11: =IF(AND(COUNTA(D11:AF11)=0,D12=""),"",IF(AND('2.1'!E11=0,COUNTA(H11:AF11)>0),"NOT OK",IF(AND(COUNTA(D11:AF11)=0,D12<>""),"NOT OK",IF(OR(AJ11="NOT OK",AK11="NOT OK",AL11="NOT OK",AT11="NOT OK"),"NOT OK",IF(OR(AO11="WARNING",AR11="WARNING"),"WARNING","OK"))))) | AI11: =IF(AND(COUNTA(D11:AF11)=0,'2.1'!D12=""),"",IF(AND(E11=0,COUNTA(H11:AF11)>0),"As number of facilities is zero, please leave columns H to AF empty.",IF(AND(COUNTA(D11:AF11)=0,D12<>""),"Empty lines between grades not allowed.",IF(AND(D11<>"",OR(E11="",G11="")),"Information is missing for this facility grade/pool. Please report number of facilities and average LGD estimate.",IF(AJ11="NOT OK","Row incomplete. Check if zeros values are missing in the row.",IF(AK11="NOT OK","The number of facilities in buckets does not sum up to the total number.",IF(AL11="NOT OK","Please order the pools in ascending order of the weighted average of estimated LGD.",IF(AT11="NOT OK","The p-value of t-Test differs from ECB calculation.",IF(AO11="WARNING","The average LGD^R seems implausible with the given LGD realisation.",IF(AR11="WARNING","The variance of the LGD seems implausible with the given realisation.","")))))))))) | AJ11: =IF(AND(COUNTA(D11:AF11)=0,'2.1'!D12=""),"",IF(AND(D11<>"",OR(E11="",G11="")),"NOT OK",IF(AND(D11<>"",E11<>"",E11=0,G11<>""),"OK",IF(COUNTA(D11:AF11)=COUNTA($D$9:$D$28)+7+1,"OK",IF(AND(E11=1,COUNTA(D11:AF11)=COUNTA($D$9:$D$28)+4+1),"OK","NOT OK"))))) | AK11: =IF(OR(AND(D11<>"",'2.1'!E11 =0),COUNTA(D11:AF11)=0),"",IF(E11=SUM(I11:AC11),"OK","NOT OK")) | AL11: =IF('2.1'!G11="","",IF(G11<G10,"NOT OK", "OK")) | AM11: {=IFERROR(SUM(I11:AC11*TRANSPOSE($AU$8:$AU$28))/SUM(I11:AC11),"")} | AN11: {=IFERROR(SUM(I11:AC11*TRANSPOSE($AV$8:$AV$28))/SUM(I11:AC11),"")} | AO11: =IF(OR(AND(D11<>"",'2.1'!E11 =0),COUNTA(D11:AF11)=0),"",IFERROR(IF(AND(H11>=AM11,H11<=AN11),"OK","WARNING"),"")) | AP11: =IF(COUNTA(H11:AF11)=0,"",IFERROR('2.1'!BG40,"")) | AQ11: =IF(COUNTA(H11:AF11)=0,"",IFERROR('2.1'!BF40,"")) | AR11: =IF(OR(AND(D11<>"",E11 =0),COUNTA(D11:AF11)=0),"",IFERROR(IF(AND('2.1'!AD11>=AP11,AD11<=AQ11),"OK","WARNING"),"")) | AS11: =IFERROR(IF(COUNTA(D11:AF11)=0,"",1-_xlfn.T.DIST(SQRT(E11)*(H11-G11)/SQRT('2.1'!AD11),E11-1,TRUE)),"") | AT11: =IFERROR(IF(COUNTA(D11:AF11)=0,"",IF(ABS(AF11-'2.1'!AS11)>0.00001,"NOT OK","OK")),"") | AU11: ='2.1'!G11 -> 0 | AV11: =IF('2.1'!G12<>"",G12,IF(G11=0,0,3)) -> 0 | AW11: =IFERROR('2.1'!AV11/2+AU11/2,"") -> 0 | AZ11: gAUC | BA11: =(BA10+1)/2 -> #DIV/0! | BD11: =SUM('2.1'!I11:AC11) -> 0 | BE11: 3 | BF11: {=(SUM(($BF$8:$BZ$8<BF$8)*($BE$9:$BE$28<$BE11)*$I$9:$AC$28)+SUM(($BF$8:$BZ$8>BF$8)*($BE$9:$BE$28>$BE11)*$I$9:$AC$28)-(SUM(($BF$8:$BZ$8>BF$8)*($BE$9:$BE$28<$BE11)*$I$9:$AC$28)+SUM(($BF$8:$BZ$8<BF$8)*($BE$9:$BE$28>$BE11)*$I$9:$AC$28)))*(INDEX($I$9:$AC$28,$BE11,BF$8)>0)} -> 0 | BG11: {=(SUM(($BF$8:$BZ$8<BG$8)*($BE$9:$BE$28<$BE11)*$I$9:$AC$28)+SUM(($BF$8:$BZ$8>BG$8)*($BE$9:$BE$28>$BE11)*$I$9:$AC$28)-(SUM(($BF$8:$BZ$8>BG$8)*($BE$9:$BE$28<$BE11)*$I$9:$AC$28)+SUM(($BF$8:$BZ$8<BG$8)*($BE$9:$BE$28>$BE11)*$I$9:$AC$28)))*(INDEX($I$9:$AC$28,$BE11,BG$8)>0)} -> 0 | BH11: {=(SUM(($BF$8:$BZ$8<BH$8)*($BE$9:$BE$28<$BE11)*$I$9:$AC$28)+SUM(($BF$8:$BZ$8>BH$8)*($BE$9:$BE$28>$BE11)*$I$9:$AC$28)-(SUM(($BF$8:$BZ$8>BH$8)*($BE$9:$BE$28<$BE11)*$I$9:$AC$28)+SUM(($BF$8:$BZ$8<BH$8)*($BE$9:$BE$28>$BE11)*$I$9:$AC$28)))*(INDEX($I$9:$AC$28,$BE11,BH$8)>0)} -> 0 | BI11: {=(SUM(($BF$8:$BZ$8<BI$8)*($BE$9:$BE$28<$BE11)*$I$9:$AC$28)+SUM(($BF$8:$BZ$8>BI$8)*($BE$9:$BE$28>$BE11)*$I$9:$AC$28)-(SUM(($BF$8:$BZ$8>BI$8)*($BE$9:$BE$28<$BE11)*$I$9:$AC$28)+SUM(($BF$8:$BZ$8<BI$8)*($BE$9:$BE$28>$BE11)*$I$9:$AC$28)))*(INDEX($I$9:$AC$28,$BE11,BI$8)>0)} -> 0 | BJ11: {=(SUM(($BF$8:$BZ$8<BJ$8)*($BE$9:$BE$28<$BE11)*$I$9:$AC$28)+SUM(($BF$8:$BZ$8>BJ$8)*($BE$9:$BE$28>$BE11)*$I$9:$AC$28)-(SUM(($BF$8:$BZ$8>BJ$8)*($BE$9:$BE$28<$BE11)*$I$9:$AC$28)+SUM(($BF$8:$BZ$8<BJ$8)*($BE$9:$BE$28>$BE11)*$I$9:$AC$28)))*(INDEX($I$9:$AC$28,$BE11,BJ$8)>0)} -> 0 | BK11: {=(SUM(($BF$8:$BZ$8<BK$8)*($BE$9:$BE$28<$BE11)*$I$9:$AC$28)+SUM(($BF$8:$BZ$8>BK$8)*($BE$9:$BE$28>$BE11)*$I$9:$AC$28)-(SUM(($BF$8:$BZ$8>BK$8)*($BE$9:$BE$28<$BE11)*$I$9:$AC$28)+SUM(($BF$8:$BZ$8<BK$8)*($BE$9:$BE$28>$BE11)*$I$9:$AC$28)))*(INDEX($I$9:$AC$28,$BE11,BK$8)>0)} -> 0 | BL11: {=(SUM(($BF$8:$BZ$8<BL$8)*($BE$9:$BE$28<$BE11)*$I$9:$AC$28)+SUM(($BF$8:$BZ$8>BL$8)*($BE$9:$BE$28>$BE11)*$I$9:$AC$28)-(SUM(($BF$8:$BZ$8>BL$8)*($BE$9:$BE$28<$BE11)*$I$9:$AC$28)+SUM(($BF$8:$BZ$8<BL$8)*($BE$9:$BE$28>$BE11)*$I$9:$AC$28)))*(INDEX($I$9:$AC$28,$BE11,BL$8)>0)} -> 0 | BM11: {=(SUM(($BF$8:$BZ$8<BM$8)*($BE$9:$BE$28<$BE11)*$I$9:$AC$28)+SUM(($BF$8:$BZ$8>BM$8)*($BE$9:$BE$28>$BE11)*$I$9:$AC$28)-(SUM(($BF$8:$BZ$8>BM$8)*($BE$9:$BE$28<$BE11)*$I$9:$AC$28)+SUM(($BF$8:$BZ$8<BM$8)*($BE$9:$BE$28>$BE11)*$I$9:$AC$28)))*(INDEX($I$9:$AC$28,$BE11,BM$8)>0)} -> 0 | ... BZ11: {=(SUM(($BF$8:$BZ$8<BZ$8)*($BE$9:$BE$28<$BE11)*$I$9:$AC$28)+SUM(($BF$8:$BZ$8>BZ$8)*($BE$9:$BE$28>$BE11)*$I$9:$AC$28)-(SUM(($BF$8:$BZ$8>BZ$8)*($BE$9:$BE$28<$BE11)*$I$9:$AC$28)+SUM(($BF$8:$BZ$8<BZ$8)*($BE$9:$BE$28>$BE11)*$I$9:$AC$28)))*(INDEX($I$9:$AC$28,$BE11,BZ$8)>0)} -> 0 | CE11: 0 | CF11: 0 | CG11: FALSE | CH11: 0
B12: 204 | C12: Facility grade / pool 4 | AH12: =IF(AND(COUNTA(D12:AF12)=0,D13=""),"",IF(AND('2.1'!E12=0,COUNTA(H12:AF12)>0),"NOT OK",IF(AND(COUNTA(D12:AF12)=0,D13<>""),"NOT OK",IF(OR(AJ12="NOT OK",AK12="NOT OK",AL12="NOT OK",AT12="NOT OK"),"NOT OK",IF(OR(AO12="WARNING",AR12="WARNING"),"WARNING","OK"))))) | AI12: =IF(AND(COUNTA(D12:AF12)=0,'2.1'!D13=""),"",IF(AND(E12=0,COUNTA(H12:AF12)>0),"As number of facilities is zero, please leave columns H to AF empty.",IF(AND(COUNTA(D12:AF12)=0,D13<>""),"Empty lines between grades not allowed.",IF(AND(D12<>"",OR(E12="",G12="")),"Information is missing for this facility grade/pool. Please report number of facilities and average LGD estimate.",IF(AJ12="NOT OK","Row incomplete. Check if zeros values are missing in the row.",IF(AK12="NOT OK","The number of facilities in buckets does not sum up to the total number.",IF(AL12="NOT OK","Please order the pools in ascending order of the weighted average of estimated LGD.",IF(AT12="NOT OK","The p-value of t-Test differs from ECB calculation.",IF(AO12="WARNING","The average LGD^R seems implausible with the given LGD realisation.",IF(AR12="WARNING","The variance of the LGD seems implausible with the given realisation.","")))))))))) | AJ12: =IF(AND(COUNTA(D12:AF12)=0,'2.1'!D13=""),"",IF(AND(D12<>"",OR(E12="",G12="")),"NOT OK",IF(AND(D12<>"",E12<>"",E12=0,G12<>""),"OK",IF(COUNTA(D12:AF12)=COUNTA($D$9:$D$28)+7+1,"OK",IF(AND(E12=1,COUNTA(D12:AF12)=COUNTA($D$9:$D$28)+4+1),"OK","NOT OK"))))) | AK12: =IF(OR(AND(D12<>"",'2.1'!E12 =0),COUNTA(D12:AF12)=0),"",IF(E12=SUM(I12:AC12),"OK","NOT OK")) | AL12: =IF('2.1'!G12="","",IF(G12<G11,"NOT OK", "OK")) | AM12: {=IFERROR(SUM(I12:AC12*TRANSPOSE($AU$8:$AU$28))/SUM(I12:AC12),"")} | AN12: {=IFERROR(SUM(I12:AC12*TRANSPOSE($AV$8:$AV$28))/SUM(I12:AC12),"")} | AO12: =IF(OR(AND(D12<>"",'2.1'!E12 =0),COUNTA(D12:AF12)=0),"",IFERROR(IF(AND(H12>=AM12,H12<=AN12),"OK","WARNING"),"")) | AP12: =IF(COUNTA(H12:AF12)=0,"",IFERROR('2.1'!BG41,"")) | AQ12: =IF(COUNTA(H12:AF12)=0,"",IFERROR('2.1'!BF41,"")) | AR12: =IF(OR(AND(D12<>"",E12 =0),COUNTA(D12:AF12)=0),"",IFERROR(IF(AND('2.1'!AD12>=AP12,AD12<=AQ12),"OK","WARNING"),"")) | AS12: =IFERROR(IF(COUNTA(D12:AF12)=0,"",1-_xlfn.T.DIST(SQRT(E12)*(H12-G12)/SQRT('2.1'!AD12),E12-1,TRUE)),"") | AT12: =IFERROR(IF(COUNTA(D12:AF12)=0,"",IF(ABS(AF12-'2.1'!AS12)>0.00001,"NOT OK","OK")),"") | AU12: ='2.1'!G12 -> 0 | AV12: =IF('2.1'!G13<>"",G13,IF(G12=0,0,3)) -> 0 | AW12: =IFERROR('2.1'!AV12/2+AU12/2,"") -> 0 | AZ12: s | BA12: {=1*1/POWER($BA$8,2)*SQRT(SUM($I$9:$AC$28*POWER($BA$8*BF9:BZ28-$BA$9*($BA$7-$BD$9:$BD$28),2)))} -> #DIV/0! | BD12: =SUM('2.1'!I12:AC12) -> 0 | BE12: 4 | BF12: {=(SUM(($BF$8:$BZ$8<BF$8)*($BE$9:$BE$28<$BE12)*$I$9:$AC$28)+SUM(($BF$8:$BZ$8>BF$8)*($BE$9:$BE$28>$BE12)*$I$9:$AC$28)-(SUM(($BF$8:$BZ$8>BF$8)*($BE$9:$BE$28<$BE12)*$I$9:$AC$28)+SUM(($BF$8:$BZ$8<BF$8)*($BE$9:$BE$28>$BE12)*$I$9:$AC$28)))*(INDEX($I$9:$AC$28,$BE12,BF$8)>0)} -> 0 | BG12: {=(SUM(($BF$8:$BZ$8<BG$8)*($BE$9:$BE$28<$BE12)*$I$9:$AC$28)+SUM(($BF$8:$BZ$8>BG$8)*($BE$9:$BE$28>$BE12)*$I$9:$AC$28)-(SUM(($BF$8:$BZ$8>BG$8)*($BE$9:$BE$28<$BE12)*$I$9:$AC$28)+SUM(($BF$8:$BZ$8<BG$8)*($BE$9:$BE$28>$BE12)*$I$9:$AC$28)))*(INDEX($I$9:$AC$28,$BE12,BG$8)>0)} -> 0 | BH12: {=(SUM(($BF$8:$BZ$8<BH$8)*($BE$9:$BE$28<$BE12)*$I$9:$AC$28)+SUM(($BF$8:$BZ$8>BH$8)*($BE$9:$BE$28>$BE12)*$I$9:$AC$28)-(SUM(($BF$8:$BZ$8>BH$8)*($BE$9:$BE$28<$BE12)*$I$9:$AC$28)+SUM(($BF$8:$BZ$8<BH$8)*($BE$9:$BE$28>$BE12)*$I$9:$AC$28)))*(INDEX($I$9:$AC$28,$BE12,BH$8)>0)} -> 0 | BI12: {=(SUM(($BF$8:$BZ$8<BI$8)*($BE$9:$BE$28<$BE12)*$I$9:$AC$28)+SUM(($BF$8:$BZ$8>BI$8)*($BE$9:$BE$28>$BE12)*$I$9:$AC$28)-(SUM(($BF$8:$BZ$8>BI$8)*($BE$9:$BE$28<$BE12)*$I$9:$AC$28)+SUM(($BF$8:$BZ$8<BI$8)*($BE$9:$BE$28>$BE12)*$I$9:$AC$28)))*(INDEX($I$9:$AC$28,$BE12,BI$8)>0)} -> 0 | BJ12: {=(SUM(($BF$8:$BZ$8<BJ$8)*($BE$9:$BE$28<$BE12)*$I$9:$AC$28)+SUM(($BF$8:$BZ$8>BJ$8)*($BE$9:$BE$28>$BE12)*$I$9:$AC$28)-(SUM(($BF$8:$BZ$8>BJ$8)*($BE$9:$BE$28<$BE12)*$I$9:$AC$28)+SUM(($BF$8:$BZ$8<BJ$8)*($BE$9:$BE$28>$BE12)*$I$9:$AC$28)))*(INDEX($I$9:$AC$28,$BE12,BJ$8)>0)} -> 0 | BK12: {=(SUM(($BF$8:$BZ$8<BK$8)*($BE$9:$BE$28<$BE12)*$I$9:$AC$28)+SUM(($BF$8:$BZ$8>BK$8)*($BE$9:$BE$28>$BE12)*$I$9:$AC$28)-(SUM(($BF$8:$BZ$8>BK$8)*($BE$9:$BE$28<$BE12)*$I$9:$AC$28)+SUM(($BF$8:$BZ$8<BK$8)*($BE$9:$BE$28>$BE12)*$I$9:$AC$28)))*(INDEX($I$9:$AC$28,$BE12,BK$8)>0)} -> 0 | BL12: {=(SUM(($BF$8:$BZ$8<BL$8)*($BE$9:$BE$28<$BE12)*$I$9:$AC$28)+SUM(($BF$8:$BZ$8>BL$8)*($BE$9:$BE$28>$BE12)*$I$9:$AC$28)-(SUM(($BF$8:$BZ$8>BL$8)*($BE$9:$BE$28<$BE12)*$I$9:$AC$28)+SUM(($BF$8:$BZ$8<BL$8)*($BE$9:$BE$28>$BE12)*$I$9:$AC$28)))*(INDEX($I$9:$AC$28,$BE12,BL$8)>0)} -> 0 | BM12: {=(SUM(($BF$8:$BZ$8<BM$8)*($BE$9:$BE$28<$BE12)*$I$9:$AC$28)+SUM(($BF$8:$BZ$8>BM$8)*($BE$9:$BE$28>$BE12)*$I$9:$AC$28)-(SUM(($BF$8:$BZ$8>BM$8)*($BE$9:$BE$28<$BE12)*$I$9:$AC$28)+SUM(($BF$8:$BZ$8<BM$8)*($BE$9:$BE$28>$BE12)*$I$9:$AC$28)))*(INDEX($I$9:$AC$28,$BE12,BM$8)>0)} -> 0 | ... BZ12: {=(SUM(($BF$8:$BZ$8<BZ$8)*($BE$9:$BE$28<$BE12)*$I$9:$AC$28)+SUM(($BF$8:$BZ$8>BZ$8)*($BE$9:$BE$28>$BE12)*$I$9:$AC$28)-(SUM(($BF$8:$BZ$8>BZ$8)*($BE$9:$BE$28<$BE12)*$I$9:$AC$28)+SUM(($BF$8:$BZ$8<BZ$8)*($BE$9:$BE$28>$BE12)*$I$9:$AC$28)))*(INDEX($I$9:$AC$28,$BE12,BZ$8)>0)} -> 0 | CE12: 0 | CF12: 0 | CG12: FALSE | CH12: 0
B13: 205 | C13: Facility grade / pool 5 | AH13: =IF(AND(COUNTA(D13:AF13)=0,D14=""),"",IF(AND('2.1'!E13=0,COUNTA(H13:AF13)>0),"NOT OK",IF(AND(COUNTA(D13:AF13)=0,D14<>""),"NOT OK",IF(OR(AJ13="NOT OK",AK13="NOT OK",AL13="NOT OK",AT13="NOT OK"),"NOT OK",IF(OR(AO13="WARNING",AR13="WARNING"),"WARNING","OK"))))) | AI13: =IF(AND(COUNTA(D13:AF13)=0,'2.1'!D14=""),"",IF(AND(E13=0,COUNTA(H13:AF13)>0),"As number of facilities is zero, please leave columns H to AF empty.",IF(AND(COUNTA(D13:AF13)=0,D14<>""),"Empty lines between grades not allowed.",IF(AND(D13<>"",OR(E13="",G13="")),"Information is missing for this facility grade/pool. Please report number of facilities and average LGD estimate.",IF(AJ13="NOT OK","Row incomplete. Check if zeros values are missing in the row.",IF(AK13="NOT OK","The number of facilities in buckets does not sum up to the total number.",IF(AL13="NOT OK","Please order the pools in ascending order of the weighted average of estimated LGD.",IF(AT13="NOT OK","The p-value of t-Test differs from ECB calculation.",IF(AO13="WARNING","The average LGD^R seems implausible with the given LGD realisation.",IF(AR13="WARNING","The variance of the LGD seems implausible with the given realisation.","")))))))))) | AJ13: =IF(AND(COUNTA(D13:AF13)=0,'2.1'!D14=""),"",IF(AND(D13<>"",OR(E13="",G13="")),"NOT OK",IF(AND(D13<>"",E13<>"",E13=0,G13<>""),"OK",IF(COUNTA(D13:AF13)=COUNTA($D$9:$D$28)+7+1,"OK",IF(AND(E13=1,COUNTA(D13:AF13)=COUNTA($D$9:$D$28)+4+1),"OK","NOT OK"))))) | AK13: =IF(OR(AND(D13<>"",'2.1'!E13 =0),COUNTA(D13:AF13)=0),"",IF(E13=SUM(I13:AC13),"OK","NOT OK")) | AL13: =IF('2.1'!G13="","",IF(G13<G12,"NOT OK", "OK")) | AM13: {=IFERROR(SUM(I13:AC13*TRANSPOSE($AU$8:$AU$28))/SUM(I13:AC13),"")} | AN13: {=IFERROR(SUM(I13:AC13*TRANSPOSE($AV$8:$AV$28))/SUM(I13:AC13),"")} | AO13: =IF(OR(AND(D13<>"",'2.1'!E13 =0),COUNTA(D13:AF13)=0),"",IFERROR(IF(AND(H13>=AM13,H13<=AN13),"OK","WARNING"),"")) | AP13: =IF(COUNTA(H13:AF13)=0,"",IFERROR('2.1'!BG42,"")) | AQ13: =IF(COUNTA(H13:AF13)=0,"",IFERROR('2.1'!BF42,"")) | AR13: =IF(OR(AND(D13<>"",E13 =0),COUNTA(D13:AF13)=0),"",IFERROR(IF(AND('2.1'!AD13>=AP13,AD13<=AQ13),"OK","WARNING"),"")) | AS13: =IFERROR(IF(COUNTA(D13:AF13)=0,"",1-_xlfn.T.DIST(SQRT(E13)*(H13-G13)/SQRT('2.1'!AD13),E13-1,TRUE)),"") | AT13: =IFERROR(IF(COUNTA(D13:AF13)=0,"",IF(ABS(AF13-'2.1'!AS13)>0.00001,"NOT OK","OK")),"") | AU13: ='2.1'!G13 -> 0 | AV13: =IF('2.1'!G14<>"",G14,IF(G13=0,0,3)) -> 0 | AW13: =IFERROR('2.1'!AV13/2+AU13/2,"") -> 0 | BD13: =SUM('2.1'!I13:AC13) -> 0 | BE13: 5 | BF13: {=(SUM(($BF$8:$BZ$8<BF$8)*($BE$9:$BE$28<$BE13)*$I$9:$AC$28)+SUM(($BF$8:$BZ$8>BF$8)*($BE$9:$BE$28>$BE13)*$I$9:$AC$28)-(SUM(($BF$8:$BZ$8>BF$8)*($BE$9:$BE$28<$BE13)*$I$9:$AC$28)+SUM(($BF$8:$BZ$8<BF$8)*($BE$9:$BE$28>$BE13)*$I$9:$AC$28)))*(INDEX($I$9:$AC$28,$BE13,BF$8)>0)} -> 0 | BG13: {=(SUM(($BF$8:$BZ$8<BG$8)*($BE$9:$BE$28<$BE13)*$I$9:$AC$28)+SUM(($BF$8:$BZ$8>BG$8)*($BE$9:$BE$28>$BE13)*$I$9:$AC$28)-(SUM(($BF$8:$BZ$8>BG$8)*($BE$9:$BE$28<$BE13)*$I$9:$AC$28)+SUM(($BF$8:$BZ$8<BG$8)*($BE$9:$BE$28>$BE13)*$I$9:$AC$28)))*(INDEX($I$9:$AC$28,$BE13,BG$8)>0)} -> 0 | BH13: {=(SUM(($BF$8:$BZ$8<BH$8)*($BE$9:$BE$28<$BE13)*$I$9:$AC$28)+SUM(($BF$8:$BZ$8>BH$8)*($BE$9:$BE$28>$BE13)*$I$9:$AC$28)-(SUM(($BF$8:$BZ$8>BH$8)*($BE$9:$BE$28<$BE13)*$I$9:$AC$28)+SUM(($BF$8:$BZ$8<BH$8)*($BE$9:$BE$28>$BE13)*$I$9:$AC$28)))*(INDEX($I$9:$AC$28,$BE13,BH$8)>0)} -> 0 | BI13: {=(SUM(($BF$8:$BZ$8<BI$8)*($BE$9:$BE$28<$BE13)*$I$9:$AC$28)+SUM(($BF$8:$BZ$8>BI$8)*($BE$9:$BE$28>$BE13)*$I$9:$AC$28)-(SUM(($BF$8:$BZ$8>BI$8)*($BE$9:$BE$28<$BE13)*$I$9:$AC$28)+SUM(($BF$8:$BZ$8<BI$8)*($BE$9:$BE$28>$BE13)*$I$9:$AC$28)))*(INDEX($I$9:$AC$28,$BE13,BI$8)>0)} -> 0 | BJ13: {=(SUM(($BF$8:$BZ$8<BJ$8)*($BE$9:$BE$28<$BE13)*$I$9:$AC$28)+SUM(($BF$8:$BZ$8>BJ$8)*($BE$9:$BE$28>$BE13)*$I$9:$AC$28)-(SUM(($BF$8:$BZ$8>BJ$8)*($BE$9:$BE$28<$BE13)*$I$9:$AC$28)+SUM(($BF$8:$BZ$8<BJ$8)*($BE$9:$BE$28>$BE13)*$I$9:$AC$28)))*(INDEX($I$9:$AC$28,$BE13,BJ$8)>0)} -> 0 | BK13: {=(SUM(($BF$8:$BZ$8<BK$8)*($BE$9:$BE$28<$BE13)*$I$9:$AC$28)+SUM(($BF$8:$BZ$8>BK$8)*($BE$9:$BE$28>$BE13)*$I$9:$AC$28)-(SUM(($BF$8:$BZ$8>BK$8)*($BE$9:$BE$28<$BE13)*$I$9:$AC$28)+SUM(($BF$8:$BZ$8<BK$8)*($BE$9:$BE$28>$BE13)*$I$9:$AC$28)))*(INDEX($I$9:$AC$28,$BE13,BK$8)>0)} -> 0 | BL13: {=(SUM(($BF$8:$BZ$8<BL$8)*($BE$9:$BE$28<$BE13)*$I$9:$AC$28)+SUM(($BF$8:$BZ$8>BL$8)*($BE$9:$BE$28>$BE13)*$I$9:$AC$28)-(SUM(($BF$8:$BZ$8>BL$8)*($BE$9:$BE$28<$BE13)*$I$9:$AC$28)+SUM(($BF$8:$BZ$8<BL$8)*($BE$9:$BE$28>$BE13)*$I$9:$AC$28)))*(INDEX($I$9:$AC$28,$BE13,BL$8)>0)} -> 0 | BM13: {=(SUM(($BF$8:$BZ$8<BM$8)*($BE$9:$BE$28<$BE13)*$I$9:$AC$28)+SUM(($BF$8:$BZ$8>BM$8)*($BE$9:$BE$28>$BE13)*$I$9:$AC$28)-(SUM(($BF$8:$BZ$8>BM$8)*($BE$9:$BE$28<$BE13)*$I$9:$AC$28)+SUM(($BF$8:$BZ$8<BM$8)*($BE$9:$BE$28>$BE13)*$I$9:$AC$28)))*(INDEX($I$9:$AC$28,$BE13,BM$8)>0)} -> 0 | ... BZ13: {=(SUM(($BF$8:$BZ$8<BZ$8)*($BE$9:$BE$28<$BE13)*$I$9:$AC$28)+SUM(($BF$8:$BZ$8>BZ$8)*($BE$9:$BE$28>$BE13)*$I$9:$AC$28)-(SUM(($BF$8:$BZ$8>BZ$8)*($BE$9:$BE$28<$BE13)*$I$9:$AC$28)+SUM(($BF$8:$BZ$8<BZ$8)*($BE$9:$BE$28>$BE13)*$I$9:$AC$28)))*(INDEX($I$9:$AC$28,$BE13,BZ$8)>0)} -> 0 | CE13: 0 | CF13: 0 | CG13: FALSE | CH13: 0
B14: 206 | C14: Facility grade / pool 6 | AH14: =IF(AND(COUNTA(D14:AF14)=0,D15=""),"",IF(AND('2.1'!E14=0,COUNTA(H14:AF14)>0),"NOT OK",IF(AND(COUNTA(D14:AF14)=0,D15<>""),"NOT OK",IF(OR(AJ14="NOT OK",AK14="NOT OK",AL14="NOT OK",AT14="NOT OK"),"NOT OK",IF(OR(AO14="WARNING",AR14="WARNING"),"WARNING","OK"))))) | AI14: =IF(AND(COUNTA(D14:AF14)=0,'2.1'!D15=""),"",IF(AND(E14=0,COUNTA(H14:AF14)>0),"As number of facilities is zero, please leave columns H to AF empty.",IF(AND(COUNTA(D14:AF14)=0,D15<>""),"Empty lines between grades not allowed.",IF(AND(D14<>"",OR(E14="",G14="")),"Information is missing for this facility grade/pool. Please report number of facilities and average LGD estimate.",IF(AJ14="NOT OK","Row incomplete. Check if zeros values are missing in the row.",IF(AK14="NOT OK","The number of facilities in buckets does not sum up to the total number.",IF(AL14="NOT OK","Please order the pools in ascending order of the weighted average of estimated LGD.",IF(AT14="NOT OK","The p-value of t-Test differs from ECB calculation.",IF(AO14="WARNING","The average LGD^R seems implausible with the given LGD realisation.",IF(AR14="WARNING","The variance of the LGD seems implausible with the given realisation.","")))))))))) | AJ14: =IF(AND(COUNTA(D14:AF14)=0,'2.1'!D15=""),"",IF(AND(D14<>"",OR(E14="",G14="")),"NOT OK",IF(AND(D14<>"",E14<>"",E14=0,G14<>""),"OK",IF(COUNTA(D14:AF14)=COUNTA($D$9:$D$28)+7+1,"OK",IF(AND(E14=1,COUNTA(D14:AF14)=COUNTA($D$9:$D$28)+4+1),"OK","NOT OK"))))) | AK14: =IF(OR(AND(D14<>"",'2.1'!E14 =0),COUNTA(D14:AF14)=0),"",IF(E14=SUM(I14:AC14),"OK","NOT OK")) | AL14: =IF('2.1'!G14="","",IF(G14<G13,"NOT OK", "OK")) | AM14: {=IFERROR(SUM(I14:AC14*TRANSPOSE($AU$8:$AU$28))/SUM(I14:AC14),"")} | AN14: {=IFERROR(SUM(I14:AC14*TRANSPOSE($AV$8:$AV$28))/SUM(I14:AC14),"")} | AO14: =IF(OR(AND(D14<>"",'2.1'!E14 =0),COUNTA(D14:AF14)=0),"",IFERROR(IF(AND(H14>=AM14,H14<=AN14),"OK","WARNING"),"")) | AP14: =IF(COUNTA(H14:AF14)=0,"",IFERROR('2.1'!BG43,"")) | AQ14: =IF(COUNTA(H14:AF14)=0,"",IFERROR('2.1'!BF43,"")) | AR14: =IF(OR(AND(D14<>"",E14 =0),COUNTA(D14:AF14)=0),"",IFERROR(IF(AND('2.1'!AD14>=AP14,AD14<=AQ14),"OK","WARNING"),"")) | AS14: =IFERROR(IF(COUNTA(D14:AF14)=0,"",1-_xlfn.T.DIST(SQRT(E14)*(H14-G14)/SQRT('2.1'!AD14),E14-1,TRUE)),"") | AT14: =IFERROR(IF(COUNTA(D14:AF14)=0,"",IF(ABS(AF14-'2.1'!AS14)>0.00001,"NOT OK","OK")),"") | AU14: ='2.1'!G14 -> 0 | AV14: =IF('2.1'!G15<>"",G15,IF(G14=0,0,3)) -> 0 | AW14: =IFERROR('2.1'!AV14/2+AU14/2,"") -> 0 | BD14: =SUM('2.1'!I14:AC14) -> 0 | BE14: 6 | BF14: {=(SUM(($BF$8:$BZ$8<BF$8)*($BE$9:$BE$28<$BE14)*$I$9:$AC$28)+SUM(($BF$8:$BZ$8>BF$8)*($BE$9:$BE$28>$BE14)*$I$9:$AC$28)-(SUM(($BF$8:$BZ$8>BF$8)*($BE$9:$BE$28<$BE14)*$I$9:$AC$28)+SUM(($BF$8:$BZ$8<BF$8)*($BE$9:$BE$28>$BE14)*$I$9:$AC$28)))*(INDEX($I$9:$AC$28,$BE14,BF$8)>0)} -> 0 | BG14: {=(SUM(($BF$8:$BZ$8<BG$8)*($BE$9:$BE$28<$BE14)*$I$9:$AC$28)+SUM(($BF$8:$BZ$8>BG$8)*($BE$9:$BE$28>$BE14)*$I$9:$AC$28)-(SUM(($BF$8:$BZ$8>BG$8)*($BE$9:$BE$28<$BE14)*$I$9:$AC$28)+SUM(($BF$8:$BZ$8<BG$8)*($BE$9:$BE$28>$BE14)*$I$9:$AC$28)))*(INDEX($I$9:$AC$28,$BE14,BG$8)>0)} -> 0 | BH14: {=(SUM(($BF$8:$BZ$8<BH$8)*($BE$9:$BE$28<$BE14)*$I$9:$AC$28)+SUM(($BF$8:$BZ$8>BH$8)*($BE$9:$BE$28>$BE14)*$I$9:$AC$28)-(SUM(($BF$8:$BZ$8>BH$8)*($BE$9:$BE$28<$BE14)*$I$9:$AC$28)+SUM(($BF$8:$BZ$8<BH$8)*($BE$9:$BE$28>$BE14)*$I$9:$AC$28)))*(INDEX($I$9:$AC$28,$BE14,BH$8)>0)} -> 0 | BI14: {=(SUM(($BF$8:$BZ$8<BI$8)*($BE$9:$BE$28<$BE14)*$I$9:$AC$28)+SUM(($BF$8:$BZ$8>BI$8)*($BE$9:$BE$28>$BE14)*$I$9:$AC$28)-(SUM(($BF$8:$BZ$8>BI$8)*($BE$9:$BE$28<$BE14)*$I$9:$AC$28)+SUM(($BF$8:$BZ$8<BI$8)*($BE$9:$BE$28>$BE14)*$I$9:$AC$28)))*(INDEX($I$9:$AC$28,$BE14,BI$8)>0)} -> 0 | BJ14: {=(SUM(($BF$8:$BZ$8<BJ$8)*($BE$9:$BE$28<$BE14)*$I$9:$AC$28)+SUM(($BF$8:$BZ$8>BJ$8)*($BE$9:$BE$28>$BE14)*$I$9:$AC$28)-(SUM(($BF$8:$BZ$8>BJ$8)*($BE$9:$BE$28<$BE14)*$I$9:$AC$28)+SUM(($BF$8:$BZ$8<BJ$8)*($BE$9:$BE$28>$BE14)*$I$9:$AC$28)))*(INDEX($I$9:$AC$28,$BE14,BJ$8)>0)} -> 0 | BK14: {=(SUM(($BF$8:$BZ$8<BK$8)*($BE$9:$BE$28<$BE14)*$I$9:$AC$28)+SUM(($BF$8:$BZ$8>BK$8)*($BE$9:$BE$28>$BE14)*$I$9:$AC$28)-(SUM(($BF$8:$BZ$8>BK$8)*($BE$9:$BE$28<$BE14)*$I$9:$AC$28)+SUM(($BF$8:$BZ$8<BK$8)*($BE$9:$BE$28>$BE14)*$I$9:$AC$28)))*(INDEX($I$9:$AC$28,$BE14,BK$8)>0)} -> 0 | BL14: {=(SUM(($BF$8:$BZ$8<BL$8)*($BE$9:$BE$28<$BE14)*$I$9:$AC$28)+SUM(($BF$8:$BZ$8>BL$8)*($BE$9:$BE$28>$BE14)*$I$9:$AC$28)-(SUM(($BF$8:$BZ$8>BL$8)*($BE$9:$BE$28<$BE14)*$I$9:$AC$28)+SUM(($BF$8:$BZ$8<BL$8)*($BE$9:$BE$28>$BE14)*$I$9:$AC$28)))*(INDEX($I$9:$AC$28,$BE14,BL$8)>0)} -> 0 | BM14: {=(SUM(($BF$8:$BZ$8<BM$8)*($BE$9:$BE$28<$BE14)*$I$9:$AC$28)+SUM(($BF$8:$BZ$8>BM$8)*($BE$9:$BE$28>$BE14)*$I$9:$AC$28)-(SUM(($BF$8:$BZ$8>BM$8)*($BE$9:$BE$28<$BE14)*$I$9:$AC$28)+SUM(($BF$8:$BZ$8<BM$8)*($BE$9:$BE$28>$BE14)*$I$9:$AC$28)))*(INDEX($I$9:$AC$28,$BE14,BM$8)>0)} -> 0 | ... BZ14: {=(SUM(($BF$8:$BZ$8<BZ$8)*($BE$9:$BE$28<$BE14)*$I$9:$AC$28)+SUM(($BF$8:$BZ$8>BZ$8)*($BE$9:$BE$28>$BE14)*$I$9:$AC$28)-(SUM(($BF$8:$BZ$8>BZ$8)*($BE$9:$BE$28<$BE14)*$I$9:$AC$28)+SUM(($BF$8:$BZ$8<BZ$8)*($BE$9:$BE$28>$BE14)*$I$9:$AC$28)))*(INDEX($I$9:$AC$28,$BE14,BZ$8)>0)} -> 0 | CE14: 0 | CF14: 0 | CG14: FALSE | CH14: 0
B15: 207 | C15: Facility grade / pool 7 | AH15: =IF(AND(COUNTA(D15:AF15)=0,D16=""),"",IF(AND('2.1'!E15=0,COUNTA(H15:AF15)>0),"NOT OK",IF(AND(COUNTA(D15:AF15)=0,D16<>""),"NOT OK",IF(OR(AJ15="NOT OK",AK15="NOT OK",AL15="NOT OK",AT15="NOT OK"),"NOT OK",IF(OR(AO15="WARNING",AR15="WARNING"),"WARNING","OK"))))) | AI15: =IF(AND(COUNTA(D15:AF15)=0,'2.1'!D16=""),"",IF(AND(E15=0,COUNTA(H15:AF15)>0),"As number of facilities is zero, please leave columns H to AF empty.",IF(AND(COUNTA(D15:AF15)=0,D16<>""),"Empty lines between grades not allowed.",IF(AND(D15<>"",OR(E15="",G15="")),"Information is missing for this facility grade/pool. Please report number of facilities and average LGD estimate.",IF(AJ15="NOT OK","Row incomplete. Check if zeros values are missing in the row.",IF(AK15="NOT OK","The number of facilities in buckets does not sum up to the total number.",IF(AL15="NOT OK","Please order the pools in ascending order of the weighted average of estimated LGD.",IF(AT15="NOT OK","The p-value of t-Test differs from ECB calculation.",IF(AO15="WARNING","The average LGD^R seems implausible with the given LGD realisation.",IF(AR15="WARNING","The variance of the LGD seems implausible with the given realisation.","")))))))))) | AJ15: =IF(AND(COUNTA(D15:AF15)=0,'2.1'!D16=""),"",IF(AND(D15<>"",OR(E15="",G15="")),"NOT OK",IF(AND(D15<>"",E15<>"",E15=0,G15<>""),"OK",IF(COUNTA(D15:AF15)=COUNTA($D$9:$D$28)+7+1,"OK",IF(AND(E15=1,COUNTA(D15:AF15)=COUNTA($D$9:$D$28)+4+1),"OK","NOT OK"))))) | AK15: =IF(OR(AND(D15<>"",'2.1'!E15 =0),COUNTA(D15:AF15)=0),"",IF(E15=SUM(I15:AC15),"OK","NOT OK")) | AL15: =IF('2.1'!G15="","",IF(G15<G14,"NOT OK", "OK")) | AM15: {=IFERROR(SUM(I15:AC15*TRANSPOSE($AU$8:$AU$28))/SUM(I15:AC15),"")} | AN15: {=IFERROR(SUM(I15:AC15*TRANSPOSE($AV$8:$AV$28))/SUM(I15:AC15),"")} | AO15: =IF(OR(AND(D15<>"",'2.1'!E15 =0),COUNTA(D15:AF15)=0),"",IFERROR(IF(AND(H15>=AM15,H15<=AN15),"OK","WARNING"),"")) | AP15: =IF(COUNTA(H15:AF15)=0,"",IFERROR('2.1'!BG44,"")) | AQ15: =IF(COUNTA(H15:AF15)=0,"",IFERROR('2.1'!BF44,"")) | AR15: =IF(OR(AND(D15<>"",E15 =0),COUNTA(D15:AF15)=0),"",IFERROR(IF(AND('2.1'!AD15>=AP15,AD15<=AQ15),"OK","WARNING"),"")) | AS15: =IFERROR(IF(COUNTA(D15:AF15)=0,"",1-_xlfn.T.DIST(SQRT(E15)*(H15-G15)/SQRT('2.1'!AD15),E15-1,TRUE)),"") | AT15: =IFERROR(IF(COUNTA(D15:AF15)=0,"",IF(ABS(AF15-'2.1'!AS15)>0.00001,"NOT OK","OK")),"") | AU15: ='2.1'!G15 -> 0 | AV15: =IF('2.1'!G16<>"",G16,IF(G15=0,0,3)) -> 0 | AW15: =IFERROR('2.1'!AV15/2+AU15/2,"") -> 0 | BD15: =SUM('2.1'!I15:AC15) -> 0 | BE15: 7 | BF15: {=(SUM(($BF$8:$BZ$8<BF$8)*($BE$9:$BE$28<$BE15)*$I$9:$AC$28)+SUM(($BF$8:$BZ$8>BF$8)*($BE$9:$BE$28>$BE15)*$I$9:$AC$28)-(SUM(($BF$8:$BZ$8>BF$8)*($BE$9:$BE$28<$BE15)*$I$9:$AC$28)+SUM(($BF$8:$BZ$8<BF$8)*($BE$9:$BE$28>$BE15)*$I$9:$AC$28)))*(INDEX($I$9:$AC$28,$BE15,BF$8)>0)} -> 0 | BG15: {=(SUM(($BF$8:$BZ$8<BG$8)*($BE$9:$BE$28<$BE15)*$I$9:$AC$28)+SUM(($BF$8:$BZ$8>BG$8)*($BE$9:$BE$28>$BE15)*$I$9:$AC$28)-(SUM(($BF$8:$BZ$8>BG$8)*($BE$9:$BE$28<$BE15)*$I$9:$AC$28)+SUM(($BF$8:$BZ$8<BG$8)*($BE$9:$BE$28>$BE15)*$I$9:$AC$28)))*(INDEX($I$9:$AC$28,$BE15,BG$8)>0)} -> 0 | BH15: {=(SUM(($BF$8:$BZ$8<BH$8)*($BE$9:$BE$28<$BE15)*$I$9:$AC$28)+SUM(($BF$8:$BZ$8>BH$8)*($BE$9:$BE$28>$BE15)*$I$9:$AC$28)-(SUM(($BF$8:$BZ$8>BH$8)*($BE$9:$BE$28<$BE15)*$I$9:$AC$28)+SUM(($BF$8:$BZ$8<BH$8)*($BE$9:$BE$28>$BE15)*$I$9:$AC$28)))*(INDEX($I$9:$AC$28,$BE15,BH$8)>0)} -> 0 | BI15: {=(SUM(($BF$8:$BZ$8<BI$8)*($BE$9:$BE$28<$BE15)*$I$9:$AC$28)+SUM(($BF$8:$BZ$8>BI$8)*($BE$9:$BE$28>$BE15)*$I$9:$AC$28)-(SUM(($BF$8:$BZ$8>BI$8)*($BE$9:$BE$28<$BE15)*$I$9:$AC$28)+SUM(($BF$8:$BZ$8<BI$8)*($BE$9:$BE$28>$BE15)*$I$9:$AC$28)))*(INDEX($I$9:$AC$28,$BE15,BI$8)>0)} -> 0 | BJ15: {=(SUM(($BF$8:$BZ$8<BJ$8)*($BE$9:$BE$28<$BE15)*$I$9:$AC$28)+SUM(($BF$8:$BZ$8>BJ$8)*($BE$9:$BE$28>$BE15)*$I$9:$AC$28)-(SUM(($BF$8:$BZ$8>BJ$8)*($BE$9:$BE$28<$BE15)*$I$9:$AC$28)+SUM(($BF$8:$BZ$8<BJ$8)*($BE$9:$BE$28>$BE15)*$I$9:$AC$28)))*(INDEX($I$9:$AC$28,$BE15,BJ$8)>0)} -> 0 | BK15: {=(SUM(($BF$8:$BZ$8<BK$8)*($BE$9:$BE$28<$BE15)*$I$9:$AC$28)+SUM(($BF$8:$BZ$8>BK$8)*($BE$9:$BE$28>$BE15)*$I$9:$AC$28)-(SUM(($BF$8:$BZ$8>BK$8)*($BE$9:$BE$28<$BE15)*$I$9:$AC$28)+SUM(($BF$8:$BZ$8<BK$8)*($BE$9:$BE$28>$BE15)*$I$9:$AC$28)))*(INDEX($I$9:$AC$28,$BE15,BK$8)>0)} -> 0 | BL15: {=(SUM(($BF$8:$BZ$8<BL$8)*($BE$9:$BE$28<$BE15)*$I$9:$AC$28)+SUM(($BF$8:$BZ$8>BL$8)*($BE$9:$BE$28>$BE15)*$I$9:$AC$28)-(SUM(($BF$8:$BZ$8>BL$8)*($BE$9:$BE$28<$BE15)*$I$9:$AC$28)+SUM(($BF$8:$BZ$8<BL$8)*($BE$9:$BE$28>$BE15)*$I$9:$AC$28)))*(INDEX($I$9:$AC$28,$BE15,BL$8)>0)} -> 0 | BM15: {=(SUM(($BF$8:$BZ$8<BM$8)*($BE$9:$BE$28<$BE15)*$I$9:$AC$28)+SUM(($BF$8:$BZ$8>BM$8)*($BE$9:$BE$28>$BE15)*$I$9:$AC$28)-(SUM(($BF$8:$BZ$8>BM$8)*($BE$9:$BE$28<$BE15)*$I$9:$AC$28)+SUM(($BF$8:$BZ$8<BM$8)*($BE$9:$BE$28>$BE15)*$I$9:$AC$28)))*(INDEX($I$9:$AC$28,$BE15,BM$8)>0)} -> 0 | ... BZ15: {=(SUM(($BF$8:$BZ$8<BZ$8)*($BE$9:$BE$28<$BE15)*$I$9:$AC$28)+SUM(($BF$8:$BZ$8>BZ$8)*($BE$9:$BE$28>$BE15)*$I$9:$AC$28)-(SUM(($BF$8:$BZ$8>BZ$8)*($BE$9:$BE$28<$BE15)*$I$9:$AC$28)+SUM(($BF$8:$BZ$8<BZ$8)*($BE$9:$BE$28>$BE15)*$I$9:$AC$28)))*(INDEX($I$9:$AC$28,$BE15,BZ$8)>0)} -> 0 | CE15: 0 | CF15: 0 | CG15: FALSE | CH15: 0
B16: 208 | C16: Facility grade / pool 8 | AH16: =IF(AND(COUNTA(D16:AF16)=0,D17=""),"",IF(AND('2.1'!E16=0,COUNTA(H16:AF16)>0),"NOT OK",IF(AND(COUNTA(D16:AF16)=0,D17<>""),"NOT OK",IF(OR(AJ16="NOT OK",AK16="NOT OK",AL16="NOT OK",AT16="NOT OK"),"NOT OK",IF(OR(AO16="WARNING",AR16="WARNING"),"WARNING","OK"))))) | AI16: =IF(AND(COUNTA(D16:AF16)=0,'2.1'!D17=""),"",IF(AND(E16=0,COUNTA(H16:AF16)>0),"As number of facilities is zero, please leave columns H to AF empty.",IF(AND(COUNTA(D16:AF16)=0,D17<>""),"Empty lines between grades not allowed.",IF(AND(D16<>"",OR(E16="",G16="")),"Information is missing for this facility grade/pool. Please report number of facilities and average LGD estimate.",IF(AJ16="NOT OK","Row incomplete. Check if zeros values are missing in the row.",IF(AK16="NOT OK","The number of facilities in buckets does not sum up to the total number.",IF(AL16="NOT OK","Please order the pools in ascending order of the weighted average of estimated LGD.",IF(AT16="NOT OK","The p-value of t-Test differs from ECB calculation.",IF(AO16="WARNING","The average LGD^R seems implausible with the given LGD realisation.",IF(AR16="WARNING","The variance of the LGD seems implausible with the given realisation.","")))))))))) | AJ16: =IF(AND(COUNTA(D16:AF16)=0,'2.1'!D17=""),"",IF(AND(D16<>"",OR(E16="",G16="")),"NOT OK",IF(AND(D16<>"",E16<>"",E16=0,G16<>""),"OK",IF(COUNTA(D16:AF16)=COUNTA($D$9:$D$28)+7+1,"OK",IF(AND(E16=1,COUNTA(D16:AF16)=COUNTA($D$9:$D$28)+4+1),"OK","NOT OK"))))) | AK16: =IF(OR(AND(D16<>"",'2.1'!E16 =0),COUNTA(D16:AF16)=0),"",IF(E16=SUM(I16:AC16),"OK","NOT OK")) | AL16: =IF('2.1'!G16="","",IF(G16<G15,"NOT OK", "OK")) | AM16: {=IFERROR(SUM(I16:AC16*TRANSPOSE($AU$8:$AU$28))/SUM(I16:AC16),"")} | AN16: {=IFERROR(SUM(I16:AC16*TRANSPOSE($AV$8:$AV$28))/SUM(I16:AC16),"")} | AO16: =IF(OR(AND(D16<>"",'2.1'!E16 =0),COUNTA(D16:AF16)=0),"",IFERROR(IF(AND(H16>=AM16,H16<=AN16),"OK","WARNING"),"")) | AP16: =IF(COUNTA(H16:AF16)=0,"",IFERROR('2.1'!BG45,"")) | AQ16: =IF(COUNTA(H16:AF16)=0,"",IFERROR('2.1'!BF45,"")) | AR16: =IF(OR(AND(D16<>"",E16 =0),COUNTA(D16:AF16)=0),"",IFERROR(IF(AND('2.1'!AD16>=AP16,AD16<=AQ16),"OK","WARNING"),"")) | AS16: =IFERROR(IF(COUNTA(D16:AF16)=0,"",1-_xlfn.T.DIST(SQRT(E16)*(H16-G16)/SQRT('2.1'!AD16),E16-1,TRUE)),"") | AT16: =IFERROR(IF(COUNTA(D16:AF16)=0,"",IF(ABS(AF16-'2.1'!AS16)>0.00001,"NOT OK","OK")),"") | AU16: ='2.1'!G16 -> 0 | AV16: =IF('2.1'!G17<>"",G17,IF(G16=0,0,3)) -> 0 | AW16: =IFERROR('2.1'!AV16/2+AU16/2,"") -> 0 | BD16: =SUM('2.1'!I16:AC16) -> 0 | BE16: 8 | BF16: {=(SUM(($BF$8:$BZ$8<BF$8)*($BE$9:$BE$28<$BE16)*$I$9:$AC$28)+SUM(($BF$8:$BZ$8>BF$8)*($BE$9:$BE$28>$BE16)*$I$9:$AC$28)-(SUM(($BF$8:$BZ$8>BF$8)*($BE$9:$BE$28<$BE16)*$I$9:$AC$28)+SUM(($BF$8:$BZ$8<BF$8)*($BE$9:$BE$28>$BE16)*$I$9:$AC$28)))*(INDEX($I$9:$AC$28,$BE16,BF$8)>0)} -> 0 | BG16: {=(SUM(($BF$8:$BZ$8<BG$8)*($BE$9:$BE$28<$BE16)*$I$9:$AC$28)+SUM(($BF$8:$BZ$8>BG$8)*($BE$9:$BE$28>$BE16)*$I$9:$AC$28)-(SUM(($BF$8:$BZ$8>BG$8)*($BE$9:$BE$28<$BE16)*$I$9:$AC$28)+SUM(($BF$8:$BZ$8<BG$8)*($BE$9:$BE$28>$BE16)*$I$9:$AC$28)))*(INDEX($I$9:$AC$28,$BE16,BG$8)>0)} -> 0 | BH16: {=(SUM(($BF$8:$BZ$8<BH$8)*($BE$9:$BE$28<$BE16)*$I$9:$AC$28)+SUM(($BF$8:$BZ$8>BH$8)*($BE$9:$BE$28>$BE16)*$I$9:$AC$28)-(SUM(($BF$8:$BZ$8>BH$8)*($BE$9:$BE$28<$BE16)*$I$9:$AC$28)+SUM(($BF$8:$BZ$8<BH$8)*($BE$9:$BE$28>$BE16)*$I$9:$AC$28)))*(INDEX($I$9:$AC$28,$BE16,BH$8)>0)} -> 0 | BI16: {=(SUM(($BF$8:$BZ$8<BI$8)*($BE$9:$BE$28<$BE16)*$I$9:$AC$28)+SUM(($BF$8:$BZ$8>BI$8)*($BE$9:$BE$28>$BE16)*$I$9:$AC$28)-(SUM(($BF$8:$BZ$8>BI$8)*($BE$9:$BE$28<$BE16)*$I$9:$AC$28)+SUM(($BF$8:$BZ$8<BI$8)*($BE$9:$BE$28>$BE16)*$I$9:$AC$28)))*(INDEX($I$9:$AC$28,$BE16,BI$8)>0)} -> 0 | BJ16: {=(SUM(($BF$8:$BZ$8<BJ$8)*($BE$9:$BE$28<$BE16)*$I$9:$AC$28)+SUM(($BF$8:$BZ$8>BJ$8)*($BE$9:$BE$28>$BE16)*$I$9:$AC$28)-(SUM(($BF$8:$BZ$8>BJ$8)*($BE$9:$BE$28<$BE16)*$I$9:$AC$28)+SUM(($BF$8:$BZ$8<BJ$8)*($BE$9:$BE$28>$BE16)*$I$9:$AC$28)))*(INDEX($I$9:$AC$28,$BE16,BJ$8)>0)} -> 0 | BK16: {=(SUM(($BF$8:$BZ$8<BK$8)*($BE$9:$BE$28<$BE16)*$I$9:$AC$28)+SUM(($BF$8:$BZ$8>BK$8)*($BE$9:$BE$28>$BE16)*$I$9:$AC$28)-(SUM(($BF$8:$BZ$8>BK$8)*($BE$9:$BE$28<$BE16)*$I$9:$AC$28)+SUM(($BF$8:$BZ$8<BK$8)*($BE$9:$BE$28>$BE16)*$I$9:$AC$28)))*(INDEX($I$9:$AC$28,$BE16,BK$8)>0)} -> 0 | BL16: {=(SUM(($BF$8:$BZ$8<BL$8)*($BE$9:$BE$28<$BE16)*$I$9:$AC$28)+SUM(($BF$8:$BZ$8>BL$8)*($BE$9:$BE$28>$BE16)*$I$9:$AC$28)-(SUM(($BF$8:$BZ$8>BL$8)*($BE$9:$BE$28<$BE16)*$I$9:$AC$28)+SUM(($BF$8:$BZ$8<BL$8)*($BE$9:$BE$28>$BE16)*$I$9:$AC$28)))*(INDEX($I$9:$AC$28,$BE16,BL$8)>0)} -> 0 | BM16: {=(SUM(($BF$8:$BZ$8<BM$8)*($BE$9:$BE$28<$BE16)*$I$9:$AC$28)+SUM(($BF$8:$BZ$8>BM$8)*($BE$9:$BE$28>$BE16)*$I$9:$AC$28)-(SUM(($BF$8:$BZ$8>BM$8)*($BE$9:$BE$28<$BE16)*$I$9:$AC$28)+SUM(($BF$8:$BZ$8<BM$8)*($BE$9:$BE$28>$BE16)*$I$9:$AC$28)))*(INDEX($I$9:$AC$28,$BE16,BM$8)>0)} -> 0 | ... BZ16: {=(SUM(($BF$8:$BZ$8<BZ$8)*($BE$9:$BE$28<$BE16)*$I$9:$AC$28)+SUM(($BF$8:$BZ$8>BZ$8)*($BE$9:$BE$28>$BE16)*$I$9:$AC$28)-(SUM(($BF$8:$BZ$8>BZ$8)*($BE$9:$BE$28<$BE16)*$I$9:$AC$28)+SUM(($BF$8:$BZ$8<BZ$8)*($BE$9:$BE$28>$BE16)*$I$9:$AC$28)))*(INDEX($I$9:$AC$28,$BE16,BZ$8)>0)} -> 0 | CE16: 0 | CF16: 0 | CG16: FALSE | CH16: 0
B17: 209 | C17: Facility grade / pool 9 | AH17: =IF(AND(COUNTA(D17:AF17)=0,D18=""),"",IF(AND('2.1'!E17=0,COUNTA(H17:AF17)>0),"NOT OK",IF(AND(COUNTA(D17:AF17)=0,D18<>""),"NOT OK",IF(OR(AJ17="NOT OK",AK17="NOT OK",AL17="NOT OK",AT17="NOT OK"),"NOT OK",IF(OR(AO17="WARNING",AR17="WARNING"),"WARNING","OK"))))) | AI17: =IF(AND(COUNTA(D17:AF17)=0,'2.1'!D18=""),"",IF(AND(E17=0,COUNTA(H17:AF17)>0),"As number of facilities is zero, please leave columns H to AF empty.",IF(AND(COUNTA(D17:AF17)=0,D18<>""),"Empty lines between grades not allowed.",IF(AND(D17<>"",OR(E17="",G17="")),"Information is missing for this facility grade/pool. Please report number of facilities and average LGD estimate.",IF(AJ17="NOT OK","Row incomplete. Check if zeros values are missing in the row.",IF(AK17="NOT OK","The number of facilities in buckets does not sum up to the total number.",IF(AL17="NOT OK","Please order the pools in ascending order of the weighted average of estimated LGD.",IF(AT17="NOT OK","The p-value of t-Test differs from ECB calculation.",IF(AO17="WARNING","The average LGD^R seems implausible with the given LGD realisation.",IF(AR17="WARNING","The variance of the LGD seems implausible with the given realisation.","")))))))))) | AJ17: =IF(AND(COUNTA(D17:AF17)=0,'2.1'!D18=""),"",IF(AND(D17<>"",OR(E17="",G17="")),"NOT OK",IF(AND(D17<>"",E17<>"",E17=0,G17<>""),"OK",IF(COUNTA(D17:AF17)=COUNTA($D$9:$D$28)+7+1,"OK",IF(AND(E17=1,COUNTA(D17:AF17)=COUNTA($D$9:$D$28)+4+1),"OK","NOT OK"))))) | AK17: =IF(OR(AND(D17<>"",'2.1'!E17 =0),COUNTA(D17:AF17)=0),"",IF(E17=SUM(I17:AC17),"OK","NOT OK")) | AL17: =IF('2.1'!G17="","",IF(G17<G16,"NOT OK", "OK")) | AM17: {=IFERROR(SUM(I17:AC17*TRANSPOSE($AU$8:$AU$28))/SUM(I17:AC17),"")} | AN17: {=IFERROR(SUM(I17:AC17*TRANSPOSE($AV$8:$AV$28))/SUM(I17:AC17),"")} | AO17: =IF(OR(AND(D17<>"",'2.1'!E17 =0),COUNTA(D17:AF17)=0),"",IFERROR(IF(AND(H17>=AM17,H17<=AN17),"OK","WARNING"),"")) | AP17: =IF(COUNTA(H17:AF17)=0,"",IFERROR('2.1'!BG46,"")) | AQ17: =IF(COUNTA(H17:AF17)=0,"",IFERROR('2.1'!BF46,"")) | AR17: =IF(OR(AND(D17<>"",E17 =0),COUNTA(D17:AF17)=0),"",IFERROR(IF(AND('2.1'!AD17>=AP17,AD17<=AQ17),"OK","WARNING"),"")) | AS17: =IFERROR(IF(COUNTA(D17:AF17)=0,"",1-_xlfn.T.DIST(SQRT(E17)*(H17-G17)/SQRT('2.1'!AD17),E17-1,TRUE)),"") | AT17: =IFERROR(IF(COUNTA(D17:AF17)=0,"",IF(ABS(AF17-'2.1'!AS17)>0.00001,"NOT OK","OK")),"") | AU17: ='2.1'!G17 -> 0 | AV17: =IF('2.1'!G18<>"",G18,IF(G17=0,0,3)) -> 0 | AW17: =IFERROR('2.1'!AV17/2+AU17/2,"") -> 0 | BD17: =SUM('2.1'!I17:AC17) -> 0 | BE17: 9 | BF17: {=(SUM(($BF$8:$BZ$8<BF$8)*($BE$9:$BE$28<$BE17)*$I$9:$AC$28)+SUM(($BF$8:$BZ$8>BF$8)*($BE$9:$BE$28>$BE17)*$I$9:$AC$28)-(SUM(($BF$8:$BZ$8>BF$8)*($BE$9:$BE$28<$BE17)*$I$9:$AC$28)+SUM(($BF$8:$BZ$8<BF$8)*($BE$9:$BE$28>$BE17)*$I$9:$AC$28)))*(INDEX($I$9:$AC$28,$BE17,BF$8)>0)} -> 0 | BG17: {=(SUM(($BF$8:$BZ$8<BG$8)*($BE$9:$BE$28<$BE17)*$I$9:$AC$28)+SUM(($BF$8:$BZ$8>BG$8)*($BE$9:$BE$28>$BE17)*$I$9:$AC$28)-(SUM(($BF$8:$BZ$8>BG$8)*($BE$9:$BE$28<$BE17)*$I$9:$AC$28)+SUM(($BF$8:$BZ$8<BG$8)*($BE$9:$BE$28>$BE17)*$I$9:$AC$28)))*(INDEX($I$9:$AC$28,$BE17,BG$8)>0)} -> 0 | BH17: {=(SUM(($BF$8:$BZ$8<BH$8)*($BE$9:$BE$28<$BE17)*$I$9:$AC$28)+SUM(($BF$8:$BZ$8>BH$8)*($BE$9:$BE$28>$BE17)*$I$9:$AC$28)-(SUM(($BF$8:$BZ$8>BH$8)*($BE$9:$BE$28<$BE17)*$I$9:$AC$28)+SUM(($BF$8:$BZ$8<BH$8)*($BE$9:$BE$28>$BE17)*$I$9:$AC$28)))*(INDEX($I$9:$AC$28,$BE17,BH$8)>0)} -> 0 | BI17: {=(SUM(($BF$8:$BZ$8<BI$8)*($BE$9:$BE$28<$BE17)*$I$9:$AC$28)+SUM(($BF$8:$BZ$8>BI$8)*($BE$9:$BE$28>$BE17)*$I$9:$AC$28)-(SUM(($BF$8:$BZ$8>BI$8)*($BE$9:$BE$28<$BE17)*$I$9:$AC$28)+SUM(($BF$8:$BZ$8<BI$8)*($BE$9:$BE$28>$BE17)*$I$9:$AC$28)))*(INDEX($I$9:$AC$28,$BE17,BI$8)>0)} -> 0 | BJ17: {=(SUM(($BF$8:$BZ$8<BJ$8)*($BE$9:$BE$28<$BE17)*$I$9:$AC$28)+SUM(($BF$8:$BZ$8>BJ$8)*($BE$9:$BE$28>$BE17)*$I$9:$AC$28)-(SUM(($BF$8:$BZ$8>BJ$8)*($BE$9:$BE$28<$BE17)*$I$9:$AC$28)+SUM(($BF$8:$BZ$8<BJ$8)*($BE$9:$BE$28>$BE17)*$I$9:$AC$28)))*(INDEX($I$9:$AC$28,$BE17,BJ$8)>0)} -> 0 | BK17: {=(SUM(($BF$8:$BZ$8<BK$8)*($BE$9:$BE$28<$BE17)*$I$9:$AC$28)+SUM(($BF$8:$BZ$8>BK$8)*($BE$9:$BE$28>$BE17)*$I$9:$AC$28)-(SUM(($BF$8:$BZ$8>BK$8)*($BE$9:$BE$28<$BE17)*$I$9:$AC$28)+SUM(($BF$8:$BZ$8<BK$8)*($BE$9:$BE$28>$BE17)*$I$9:$AC$28)))*(INDEX($I$9:$AC$28,$BE17,BK$8)>0)} -> 0 | BL17: {=(SUM(($BF$8:$BZ$8<BL$8)*($BE$9:$BE$28<$BE17)*$I$9:$AC$28)+SUM(($BF$8:$BZ$8>BL$8)*($BE$9:$BE$28>$BE17)*$I$9:$AC$28)-(SUM(($BF$8:$BZ$8>BL$8)*($BE$9:$BE$28<$BE17)*$I$9:$AC$28)+SUM(($BF$8:$BZ$8<BL$8)*($BE$9:$BE$28>$BE17)*$I$9:$AC$28)))*(INDEX($I$9:$AC$28,$BE17,BL$8)>0)} -> 0 | BM17: {=(SUM(($BF$8:$BZ$8<BM$8)*($BE$9:$BE$28<$BE17)*$I$9:$AC$28)+SUM(($BF$8:$BZ$8>BM$8)*($BE$9:$BE$28>$BE17)*$I$9:$AC$28)-(SUM(($BF$8:$BZ$8>BM$8)*($BE$9:$BE$28<$BE17)*$I$9:$AC$28)+SUM(($BF$8:$BZ$8<BM$8)*($BE$9:$BE$28>$BE17)*$I$9:$AC$28)))*(INDEX($I$9:$AC$28,$BE17,BM$8)>0)} -> 0 | ... BZ17: {=(SUM(($BF$8:$BZ$8<BZ$8)*($BE$9:$BE$28<$BE17)*$I$9:$AC$28)+SUM(($BF$8:$BZ$8>BZ$8)*($BE$9:$BE$28>$BE17)*$I$9:$AC$28)-(SUM(($BF$8:$BZ$8>BZ$8)*($BE$9:$BE$28<$BE17)*$I$9:$AC$28)+SUM(($BF$8:$BZ$8<BZ$8)*($BE$9:$BE$28>$BE17)*$I$9:$AC$28)))*(INDEX($I$9:$AC$28,$BE17,BZ$8)>0)} -> 0 | CE17: 0 | CF17: 0 | CG17: FALSE | CH17: 0
B18: 210 | C18: Facility grade / pool 10 | AH18: =IF(AND(COUNTA(D18:AF18)=0,D19=""),"",IF(AND('2.1'!E18=0,COUNTA(H18:AF18)>0),"NOT OK",IF(AND(COUNTA(D18:AF18)=0,D19<>""),"NOT OK",IF(OR(AJ18="NOT OK",AK18="NOT OK",AL18="NOT OK",AT18="NOT OK"),"NOT OK",IF(OR(AO18="WARNING",AR18="WARNING"),"WARNING","OK"))))) | AI18: =IF(AND(COUNTA(D18:AF18)=0,'2.1'!D19=""),"",IF(AND(E18=0,COUNTA(H18:AF18)>0),"As number of facilities is zero, please leave columns H to AF empty.",IF(AND(COUNTA(D18:AF18)=0,D19<>""),"Empty lines between grades not allowed.",IF(AND(D18<>"",OR(E18="",G18="")),"Information is missing for this facility grade/pool. Please report number of facilities and average LGD estimate.",IF(AJ18="NOT OK","Row incomplete. Check if zeros values are missing in the row.",IF(AK18="NOT OK","The number of facilities in buckets does not sum up to the total number.",IF(AL18="NOT OK","Please order the pools in ascending order of the weighted average of estimated LGD.",IF(AT18="NOT OK","The p-value of t-Test differs from ECB calculation.",IF(AO18="WARNING","The average LGD^R seems implausible with the given LGD realisation.",IF(AR18="WARNING","The variance of the LGD seems implausible with the given realisation.","")))))))))) | AJ18: =IF(AND(COUNTA(D18:AF18)=0,'2.1'!D19=""),"",IF(AND(D18<>"",OR(E18="",G18="")),"NOT OK",IF(AND(D18<>"",E18<>"",E18=0,G18<>""),"OK",IF(COUNTA(D18:AF18)=COUNTA($D$9:$D$28)+7+1,"OK",IF(AND(E18=1,COUNTA(D18:AF18)=COUNTA($D$9:$D$28)+4+1),"OK","NOT OK"))))) | AK18: =IF(OR(AND(D18<>"",'2.1'!E18 =0),COUNTA(D18:AF18)=0),"",IF(E18=SUM(I18:AC18),"OK","NOT OK")) | AL18: =IF('2.1'!G18="","",IF(G18<G17,"NOT OK", "OK")) | AM18: {=IFERROR(SUM(I18:AC18*TRANSPOSE($AU$8:$AU$28))/SUM(I18:AC18),"")} | AN18: {=IFERROR(SUM(I18:AC18*TRANSPOSE($AV$8:$AV$28))/SUM(I18:AC18),"")} | AO18: =IF(OR(AND(D18<>"",'2.1'!E18 =0),COUNTA(D18:AF18)=0),"",IFERROR(IF(AND(H18>=AM18,H18<=AN18),"OK","WARNING"),"")) | AP18: =IF(COUNTA(H18:AF18)=0,"",IFERROR('2.1'!BG47,"")) | AQ18: =IF(COUNTA(H18:AF18)=0,"",IFERROR('2.1'!BF47,"")) | AR18: =IF(OR(AND(D18<>"",E18 =0),COUNTA(D18:AF18)=0),"",IFERROR(IF(AND('2.1'!AD18>=AP18,AD18<=AQ18),"OK","WARNING"),"")) | AS18: =IFERROR(IF(COUNTA(D18:AF18)=0,"",1-_xlfn.T.DIST(SQRT(E18)*(H18-G18)/SQRT('2.1'!AD18),E18-1,TRUE)),"") | AT18: =IFERROR(IF(COUNTA(D18:AF18)=0,"",IF(ABS(AF18-'2.1'!AS18)>0.00001,"NOT OK","OK")),"") | AU18: ='2.1'!G18 -> 0 | AV18: =IF('2.1'!G19<>"",G19,IF(G18=0,0,3)) -> 0 | AW18: =IFERROR('2.1'!AV18/2+AU18/2,"") -> 0 | BD18: =SUM('2.1'!I18:AC18) -> 0 | BE18: 10 | BF18: {=(SUM(($BF$8:$BZ$8<BF$8)*($BE$9:$BE$28<$BE18)*$I$9:$AC$28)+SUM(($BF$8:$BZ$8>BF$8)*($BE$9:$BE$28>$BE18)*$I$9:$AC$28)-(SUM(($BF$8:$BZ$8>BF$8)*($BE$9:$BE$28<$BE18)*$I$9:$AC$28)+SUM(($BF$8:$BZ$8<BF$8)*($BE$9:$BE$28>$BE18)*$I$9:$AC$28)))*(INDEX($I$9:$AC$28,$BE18,BF$8)>0)} -> 0 | BG18: {=(SUM(($BF$8:$BZ$8<BG$8)*($BE$9:$BE$28<$BE18)*$I$9:$AC$28)+SUM(($BF$8:$BZ$8>BG$8)*($BE$9:$BE$28>$BE18)*$I$9:$AC$28)-(SUM(($BF$8:$BZ$8>BG$8)*($BE$9:$BE$28<$BE18)*$I$9:$AC$28)+SUM(($BF$8:$BZ$8<BG$8)*($BE$9:$BE$28>$BE18)*$I$9:$AC$28)))*(INDEX($I$9:$AC$28,$BE18,BG$8)>0)} -> 0 | BH18: {=(SUM(($BF$8:$BZ$8<BH$8)*($BE$9:$BE$28<$BE18)*$I$9:$AC$28)+SUM(($BF$8:$BZ$8>BH$8)*($BE$9:$BE$28>$BE18)*$I$9:$AC$28)-(SUM(($BF$8:$BZ$8>BH$8)*($BE$9:$BE$28<$BE18)*$I$9:$AC$28)+SUM(($BF$8:$BZ$8<BH$8)*($BE$9:$BE$28>$BE18)*$I$9:$AC$28)))*(INDEX($I$9:$AC$28,$BE18,BH$8)>0)} -> 0 | BI18: {=(SUM(($BF$8:$BZ$8<BI$8)*($BE$9:$BE$28<$BE18)*$I$9:$AC$28)+SUM(($BF$8:$BZ$8>BI$8)*($BE$9:$BE$28>$BE18)*$I$9:$AC$28)-(SUM(($BF$8:$BZ$8>BI$8)*($BE$9:$BE$28<$BE18)*$I$9:$AC$28)+SUM(($BF$8:$BZ$8<BI$8)*($BE$9:$BE$28>$BE18)*$I$9:$AC$28)))*(INDEX($I$9:$AC$28,$BE18,BI$8)>0)} -> 0 | BJ18: {=(SUM(($BF$8:$BZ$8<BJ$8)*($BE$9:$BE$28<$BE18)*$I$9:$AC$28)+SUM(($BF$8:$BZ$8>BJ$8)*($BE$9:$BE$28>$BE18)*$I$9:$AC$28)-(SUM(($BF$8:$BZ$8>BJ$8)*($BE$9:$BE$28<$BE18)*$I$9:$AC$28)+SUM(($BF$8:$BZ$8<BJ$8)*($BE$9:$BE$28>$BE18)*$I$9:$AC$28)))*(INDEX($I$9:$AC$28,$BE18,BJ$8)>0)} -> 0 | BK18: {=(SUM(($BF$8:$BZ$8<BK$8)*($BE$9:$BE$28<$BE18)*$I$9:$AC$28)+SUM(($BF$8:$BZ$8>BK$8)*($BE$9:$BE$28>$BE18)*$I$9:$AC$28)-(SUM(($BF$8:$BZ$8>BK$8)*($BE$9:$BE$28<$BE18)*$I$9:$AC$28)+SUM(($BF$8:$BZ$8<BK$8)*($BE$9:$BE$28>$BE18)*$I$9:$AC$28)))*(INDEX($I$9:$AC$28,$BE18,BK$8)>0)} -> 0 | BL18: {=(SUM(($BF$8:$BZ$8<BL$8)*($BE$9:$BE$28<$BE18)*$I$9:$AC$28)+SUM(($BF$8:$BZ$8>BL$8)*($BE$9:$BE$28>$BE18)*$I$9:$AC$28)-(SUM(($BF$8:$BZ$8>BL$8)*($BE$9:$BE$28<$BE18)*$I$9:$AC$28)+SUM(($BF$8:$BZ$8<BL$8)*($BE$9:$BE$28>$BE18)*$I$9:$AC$28)))*(INDEX($I$9:$AC$28,$BE18,BL$8)>0)} -> 0 | BM18: {=(SUM(($BF$8:$BZ$8<BM$8)*($BE$9:$BE$28<$BE18)*$I$9:$AC$28)+SUM(($BF$8:$BZ$8>BM$8)*($BE$9:$BE$28>$BE18)*$I$9:$AC$28)-(SUM(($BF$8:$BZ$8>BM$8)*($BE$9:$BE$28<$BE18)*$I$9:$AC$28)+SUM(($BF$8:$BZ$8<BM$8)*($BE$9:$BE$28>$BE18)*$I$9:$AC$28)))*(INDEX($I$9:$AC$28,$BE18,BM$8)>0)} -> 0 | ... BZ18: {=(SUM(($BF$8:$BZ$8<BZ$8)*($BE$9:$BE$28<$BE18)*$I$9:$AC$28)+SUM(($BF$8:$BZ$8>BZ$8)*($BE$9:$BE$28>$BE18)*$I$9:$AC$28)-(SUM(($BF$8:$BZ$8>BZ$8)*($BE$9:$BE$28<$BE18)*$I$9:$AC$28)+SUM(($BF$8:$BZ$8<BZ$8)*($BE$9:$BE$28>$BE18)*$I$9:$AC$28)))*(INDEX($I$9:$AC$28,$BE18,BZ$8)>0)} -> 0 | CE18: 0 | CF18: 0 | CG18: FALSE | CH18: 0
B19: 211 | C19: Facility grade / pool 11 | AH19: =IF(AND(COUNTA(D19:AF19)=0,D20=""),"",IF(AND('2.1'!E19=0,COUNTA(H19:AF19)>0),"NOT OK",IF(AND(COUNTA(D19:AF19)=0,D20<>""),"NOT OK",IF(OR(AJ19="NOT OK",AK19="NOT OK",AL19="NOT OK",AT19="NOT OK"),"NOT OK",IF(OR(AO19="WARNING",AR19="WARNING"),"WARNING","OK"))))) | AI19: =IF(AND(COUNTA(D19:AF19)=0,'2.1'!D20=""),"",IF(AND(E19=0,COUNTA(H19:AF19)>0),"As number of facilities is zero, please leave columns H to AF empty.",IF(AND(COUNTA(D19:AF19)=0,D20<>""),"Empty lines between grades not allowed.",IF(AND(D19<>"",OR(E19="",G19="")),"Information is missing for this facility grade/pool. Please report number of facilities and average LGD estimate.",IF(AJ19="NOT OK","Row incomplete. Check if zeros values are missing in the row.",IF(AK19="NOT OK","The number of facilities in buckets does not sum up to the total number.",IF(AL19="NOT OK","Please order the pools in ascending order of the weighted average of estimated LGD.",IF(AT19="NOT OK","The p-value of t-Test differs from ECB calculation.",IF(AO19="WARNING","The average LGD^R seems implausible with the given LGD realisation.",IF(AR19="WARNING","The variance of the LGD seems implausible with the given realisation.","")))))))))) | AJ19: =IF(AND(COUNTA(D19:AF19)=0,'2.1'!D20=""),"",IF(AND(D19<>"",OR(E19="",G19="")),"NOT OK",IF(AND(D19<>"",E19<>"",E19=0,G19<>""),"OK",IF(COUNTA(D19:AF19)=COUNTA($D$9:$D$28)+7+1,"OK",IF(AND(E19=1,COUNTA(D19:AF19)=COUNTA($D$9:$D$28)+4+1),"OK","NOT OK"))))) | AK19: =IF(OR(AND(D19<>"",'2.1'!E19 =0),COUNTA(D19:AF19)=0),"",IF(E19=SUM(I19:AC19),"OK","NOT OK")) | AL19: =IF('2.1'!G19="","",IF(G19<G18,"NOT OK", "OK")) | AM19: {=IFERROR(SUM(I19:AC19*TRANSPOSE($AU$8:$AU$28))/SUM(I19:AC19),"")} | AN19: {=IFERROR(SUM(I19:AC19*TRANSPOSE($AV$8:$AV$28))/SUM(I19:AC19),"")} | AO19: =IF(OR(AND(D19<>"",'2.1'!E19 =0),COUNTA(D19:AF19)=0),"",IFERROR(IF(AND(H19>=AM19,H19<=AN19),"OK","WARNING"),"")) | AP19: =IF(COUNTA(H19:AF19)=0,"",IFERROR('2.1'!BG48,"")) | AQ19: =IF(COUNTA(H19:AF19)=0,"",IFERROR('2.1'!BF48,"")) | AR19: =IF(OR(AND(D19<>"",E19 =0),COUNTA(D19:AF19)=0),"",IFERROR(IF(AND('2.1'!AD19>=AP19,AD19<=AQ19),"OK","WARNING"),"")) | AS19: =IFERROR(IF(COUNTA(D19:AF19)=0,"",1-_xlfn.T.DIST(SQRT(E19)*(H19-G19)/SQRT('2.1'!AD19),E19-1,TRUE)),"") | AT19: =IFERROR(IF(COUNTA(D19:AF19)=0,"",IF(ABS(AF19-'2.1'!AS19)>0.00001,"NOT OK","OK")),"") | AU19: ='2.1'!G19 -> 0 | AV19: =IF('2.1'!G20<>"",G20,IF(G19=0,0,3)) -> 0 | AW19: =IFERROR('2.1'!AV19/2+AU19/2,"") -> 0 | BD19: =SUM('2.1'!I19:AC19) -> 0 | BE19: 11 | BF19: {=(SUM(($BF$8:$BZ$8<BF$8)*($BE$9:$BE$28<$BE19)*$I$9:$AC$28)+SUM(($BF$8:$BZ$8>BF$8)*($BE$9:$BE$28>$BE19)*$I$9:$AC$28)-(SUM(($BF$8:$BZ$8>BF$8)*($BE$9:$BE$28<$BE19)*$I$9:$AC$28)+SUM(($BF$8:$BZ$8<BF$8)*($BE$9:$BE$28>$BE19)*$I$9:$AC$28)))*(INDEX($I$9:$AC$28,$BE19,BF$8)>0)} -> 0 | BG19: {=(SUM(($BF$8:$BZ$8<BG$8)*($BE$9:$BE$28<$BE19)*$I$9:$AC$28)+SUM(($BF$8:$BZ$8>BG$8)*($BE$9:$BE$28>$BE19)*$I$9:$AC$28)-(SUM(($BF$8:$BZ$8>BG$8)*($BE$9:$BE$28<$BE19)*$I$9:$AC$28)+SUM(($BF$8:$BZ$8<BG$8)*($BE$9:$BE$28>$BE19)*$I$9:$AC$28)))*(INDEX($I$9:$AC$28,$BE19,BG$8)>0)} -> 0 | BH19: {=(SUM(($BF$8:$BZ$8<BH$8)*($BE$9:$BE$28<$BE19)*$I$9:$AC$28)+SUM(($BF$8:$BZ$8>BH$8)*($BE$9:$BE$28>$BE19)*$I$9:$AC$28)-(SUM(($BF$8:$BZ$8>BH$8)*($BE$9:$BE$28<$BE19)*$I$9:$AC$28)+SUM(($BF$8:$BZ$8<BH$8)*($BE$9:$BE$28>$BE19)*$I$9:$AC$28)))*(INDEX($I$9:$AC$28,$BE19,BH$8)>0)} -> 0 | BI19: {=(SUM(($BF$8:$BZ$8<BI$8)*($BE$9:$BE$28<$BE19)*$I$9:$AC$28)+SUM(($BF$8:$BZ$8>BI$8)*($BE$9:$BE$28>$BE19)*$I$9:$AC$28)-(SUM(($BF$8:$BZ$8>BI$8)*($BE$9:$BE$28<$BE19)*$I$9:$AC$28)+SUM(($BF$8:$BZ$8<BI$8)*($BE$9:$BE$28>$BE19)*$I$9:$AC$28)))*(INDEX($I$9:$AC$28,$BE19,BI$8)>0)} -> 0 | BJ19: {=(SUM(($BF$8:$BZ$8<BJ$8)*($BE$9:$BE$28<$BE19)*$I$9:$AC$28)+SUM(($BF$8:$BZ$8>BJ$8)*($BE$9:$BE$28>$BE19)*$I$9:$AC$28)-(SUM(($BF$8:$BZ$8>BJ$8)*($BE$9:$BE$28<$BE19)*$I$9:$AC$28)+SUM(($BF$8:$BZ$8<BJ$8)*($BE$9:$BE$28>$BE19)*$I$9:$AC$28)))*(INDEX($I$9:$AC$28,$BE19,BJ$8)>0)} -> 0 | BK19: {=(SUM(($BF$8:$BZ$8<BK$8)*($BE$9:$BE$28<$BE19)*$I$9:$AC$28)+SUM(($BF$8:$BZ$8>BK$8)*($BE$9:$BE$28>$BE19)*$I$9:$AC$28)-(SUM(($BF$8:$BZ$8>BK$8)*($BE$9:$BE$28<$BE19)*$I$9:$AC$28)+SUM(($BF$8:$BZ$8<BK$8)*($BE$9:$BE$28>$BE19)*$I$9:$AC$28)))*(INDEX($I$9:$AC$28,$BE19,BK$8)>0)} -> 0 | BL19: {=(SUM(($BF$8:$BZ$8<BL$8)*($BE$9:$BE$28<$BE19)*$I$9:$AC$28)+SUM(($BF$8:$BZ$8>BL$8)*($BE$9:$BE$28>$BE19)*$I$9:$AC$28)-(SUM(($BF$8:$BZ$8>BL$8)*($BE$9:$BE$28<$BE19)*$I$9:$AC$28)+SUM(($BF$8:$BZ$8<BL$8)*($BE$9:$BE$28>$BE19)*$I$9:$AC$28)))*(INDEX($I$9:$AC$28,$BE19,BL$8)>0)} -> 0 | BM19: {=(SUM(($BF$8:$BZ$8<BM$8)*($BE$9:$BE$28<$BE19)*$I$9:$AC$28)+SUM(($BF$8:$BZ$8>BM$8)*($BE$9:$BE$28>$BE19)*$I$9:$AC$28)-(SUM(($BF$8:$BZ$8>BM$8)*($BE$9:$BE$28<$BE19)*$I$9:$AC$28)+SUM(($BF$8:$BZ$8<BM$8)*($BE$9:$BE$28>$BE19)*$I$9:$AC$28)))*(INDEX($I$9:$AC$28,$BE19,BM$8)>0)} -> 0 | ... BZ19: {=(SUM(($BF$8:$BZ$8<BZ$8)*($BE$9:$BE$28<$BE19)*$I$9:$AC$28)+SUM(($BF$8:$BZ$8>BZ$8)*($BE$9:$BE$28>$BE19)*$I$9:$AC$28)-(SUM(($BF$8:$BZ$8>BZ$8)*($BE$9:$BE$28<$BE19)*$I$9:$AC$28)+SUM(($BF$8:$BZ$8<BZ$8)*($BE$9:$BE$28>$BE19)*$I$9:$AC$28)))*(INDEX($I$9:$AC$28,$BE19,BZ$8)>0)} -> 0 | CE19: 0 | CF19: 0 | CG19: FALSE | CH19: 0
B20: 212 | C20: Facility grade / pool 12 | AH20: =IF(AND(COUNTA(D20:AF20)=0,D21=""),"",IF(AND('2.1'!E20=0,COUNTA(H20:AF20)>0),"NOT OK",IF(AND(COUNTA(D20:AF20)=0,D21<>""),"NOT OK",IF(OR(AJ20="NOT OK",AK20="NOT OK",AL20="NOT OK",AT20="NOT OK"),"NOT OK",IF(OR(AO20="WARNING",AR20="WARNING"),"WARNING","OK"))))) | AI20: =IF(AND(COUNTA(D20:AF20)=0,'2.1'!D21=""),"",IF(AND(E20=0,COUNTA(H20:AF20)>0),"As number of facilities is zero, please leave columns H to AF empty.",IF(AND(COUNTA(D20:AF20)=0,D21<>""),"Empty lines between grades not allowed.",IF(AND(D20<>"",OR(E20="",G20="")),"Information is missing for this facility grade/pool. Please report number of facilities and average LGD estimate.",IF(AJ20="NOT OK","Row incomplete. Check if zeros values are missing in the row.",IF(AK20="NOT OK","The number of facilities in buckets does not sum up to the total number.",IF(AL20="NOT OK","Please order the pools in ascending order of the weighted average of estimated LGD.",IF(AT20="NOT OK","The p-value of t-Test differs from ECB calculation.",IF(AO20="WARNING","The average LGD^R seems implausible with the given LGD realisation.",IF(AR20="WARNING","The variance of the LGD seems implausible with the given realisation.","")))))))))) | AJ20: =IF(AND(COUNTA(D20:AF20)=0,'2.1'!D21=""),"",IF(AND(D20<>"",OR(E20="",G20="")),"NOT OK",IF(AND(D20<>"",E20<>"",E20=0,G20<>""),"OK",IF(COUNTA(D20:AF20)=COUNTA($D$9:$D$28)+7+1,"OK",IF(AND(E20=1,COUNTA(D20:AF20)=COUNTA($D$9:$D$28)+4+1),"OK","NOT OK"))))) | AK20: =IF(OR(AND(D20<>"",'2.1'!E20 =0),COUNTA(D20:AF20)=0),"",IF(E20=SUM(I20:AC20),"OK","NOT OK")) | AL20: =IF('2.1'!G20="","",IF(G20<G19,"NOT OK", "OK")) | AM20: {=IFERROR(SUM(I20:AC20*TRANSPOSE($AU$8:$AU$28))/SUM(I20:AC20),"")} | AN20: {=IFERROR(SUM(I20:AC20*TRANSPOSE($AV$8:$AV$28))/SUM(I20:AC20),"")} | AO20: =IF(OR(AND(D20<>"",'2.1'!E20 =0),COUNTA(D20:AF20)=0),"",IFERROR(IF(AND(H20>=AM20,H20<=AN20),"OK","WARNING"),"")) | AP20: =IF(COUNTA(H20:AF20)=0,"",IFERROR('2.1'!BG49,"")) | AQ20: =IF(COUNTA(H20:AF20)=0,"",IFERROR('2.1'!BF49,"")) | AR20: =IF(OR(AND(D20<>"",E20 =0),COUNTA(D20:AF20)=0),"",IFERROR(IF(AND('2.1'!AD20>=AP20,AD20<=AQ20),"OK","WARNING"),"")) | AS20: =IFERROR(IF(COUNTA(D20:AF20)=0,"",1-_xlfn.T.DIST(SQRT(E20)*(H20-G20)/SQRT('2.1'!AD20),E20-1,TRUE)),"") | AT20: =IFERROR(IF(COUNTA(D20:AF20)=0,"",IF(ABS(AF20-'2.1'!AS20)>0.00001,"NOT OK","OK")),"") | AU20: ='2.1'!G20 -> 0 | AV20: =IF('2.1'!G21<>"",G21,IF(G20=0,0,3)) -> 0 | AW20: =IFERROR('2.1'!AV20/2+AU20/2,"") -> 0 | BD20: =SUM('2.1'!I20:AC20) -> 0 | BE20: 12 | BF20: {=(SUM(($BF$8:$BZ$8<BF$8)*($BE$9:$BE$28<$BE20)*$I$9:$AC$28)+SUM(($BF$8:$BZ$8>BF$8)*($BE$9:$BE$28>$BE20)*$I$9:$AC$28)-(SUM(($BF$8:$BZ$8>BF$8)*($BE$9:$BE$28<$BE20)*$I$9:$AC$28)+SUM(($BF$8:$BZ$8<BF$8)*($BE$9:$BE$28>$BE20)*$I$9:$AC$28)))*(INDEX($I$9:$AC$28,$BE20,BF$8)>0)} -> 0 | BG20: {=(SUM(($BF$8:$BZ$8<BG$8)*($BE$9:$BE$28<$BE20)*$I$9:$AC$28)+SUM(($BF$8:$BZ$8>BG$8)*($BE$9:$BE$28>$BE20)*$I$9:$AC$28)-(SUM(($BF$8:$BZ$8>BG$8)*($BE$9:$BE$28<$BE20)*$I$9:$AC$28)+SUM(($BF$8:$BZ$8<BG$8)*($BE$9:$BE$28>$BE20)*$I$9:$AC$28)))*(INDEX($I$9:$AC$28,$BE20,BG$8)>0)} -> 0 | BH20: {=(SUM(($BF$8:$BZ$8<BH$8)*($BE$9:$BE$28<$BE20)*$I$9:$AC$28)+SUM(($BF$8:$BZ$8>BH$8)*($BE$9:$BE$28>$BE20)*$I$9:$AC$28)-(SUM(($BF$8:$BZ$8>BH$8)*($BE$9:$BE$28<$BE20)*$I$9:$AC$28)+SUM(($BF$8:$BZ$8<BH$8)*($BE$9:$BE$28>$BE20)*$I$9:$AC$28)))*(INDEX($I$9:$AC$28,$BE20,BH$8)>0)} -> 0 | BI20: {=(SUM(($BF$8:$BZ$8<BI$8)*($BE$9:$BE$28<$BE20)*$I$9:$AC$28)+SUM(($BF$8:$BZ$8>BI$8)*($BE$9:$BE$28>$BE20)*$I$9:$AC$28)-(SUM(($BF$8:$BZ$8>BI$8)*($BE$9:$BE$28<$BE20)*$I$9:$AC$28)+SUM(($BF$8:$BZ$8<BI$8)*($BE$9:$BE$28>$BE20)*$I$9:$AC$28)))*(INDEX($I$9:$AC$28,$BE20,BI$8)>0)} -> 0 | BJ20: {=(SUM(($BF$8:$BZ$8<BJ$8)*($BE$9:$BE$28<$BE20)*$I$9:$AC$28)+SUM(($BF$8:$BZ$8>BJ$8)*($BE$9:$BE$28>$BE20)*$I$9:$AC$28)-(SUM(($BF$8:$BZ$8>BJ$8)*($BE$9:$BE$28<$BE20)*$I$9:$AC$28)+SUM(($BF$8:$BZ$8<BJ$8)*($BE$9:$BE$28>$BE20)*$I$9:$AC$28)))*(INDEX($I$9:$AC$28,$BE20,BJ$8)>0)} -> 0 | BK20: {=(SUM(($BF$8:$BZ$8<BK$8)*($BE$9:$BE$28<$BE20)*$I$9:$AC$28)+SUM(($BF$8:$BZ$8>BK$8)*($BE$9:$BE$28>$BE20)*$I$9:$AC$28)-(SUM(($BF$8:$BZ$8>BK$8)*($BE$9:$BE$28<$BE20)*$I$9:$AC$28)+SUM(($BF$8:$BZ$8<BK$8)*($BE$9:$BE$28>$BE20)*$I$9:$AC$28)))*(INDEX($I$9:$AC$28,$BE20,BK$8)>0)} -> 0 | BL20: {=(SUM(($BF$8:$BZ$8<BL$8)*($BE$9:$BE$28<$BE20)*$I$9:$AC$28)+SUM(($BF$8:$BZ$8>BL$8)*($BE$9:$BE$28>$BE20)*$I$9:$AC$28)-(SUM(($BF$8:$BZ$8>BL$8)*($BE$9:$BE$28<$BE20)*$I$9:$AC$28)+SUM(($BF$8:$BZ$8<BL$8)*($BE$9:$BE$28>$BE20)*$I$9:$AC$28)))*(INDEX($I$9:$AC$28,$BE20,BL$8)>0)} -> 0 | BM20: {=(SUM(($BF$8:$BZ$8<BM$8)*($BE$9:$BE$28<$BE20)*$I$9:$AC$28)+SUM(($BF$8:$BZ$8>BM$8)*($BE$9:$BE$28>$BE20)*$I$9:$AC$28)-(SUM(($BF$8:$BZ$8>BM$8)*($BE$9:$BE$28<$BE20)*$I$9:$AC$28)+SUM(($BF$8:$BZ$8<BM$8)*($BE$9:$BE$28>$BE20)*$I$9:$AC$28)))*(INDEX($I$9:$AC$28,$BE20,BM$8)>0)} -> 0 | ... BZ20: {=(SUM(($BF$8:$BZ$8<BZ$8)*($BE$9:$BE$28<$BE20)*$I$9:$AC$28)+SUM(($BF$8:$BZ$8>BZ$8)*($BE$9:$BE$28>$BE20)*$I$9:$AC$28)-(SUM(($BF$8:$BZ$8>BZ$8)*($BE$9:$BE$28<$BE20)*$I$9:$AC$28)+SUM(($BF$8:$BZ$8<BZ$8)*($BE$9:$BE$28>$BE20)*$I$9:$AC$28)))*(INDEX($I$9:$AC$28,$BE20,BZ$8)>0)} -> 0 | CE20: 0 | CF20: 0 | CG20: FALSE | CH20: 0
B21: 213 | C21: Facility grade / pool 13 | AH21: =IF(AND(COUNTA(D21:AF21)=0,D22=""),"",IF(AND('2.1'!E21=0,COUNTA(H21:AF21)>0),"NOT OK",IF(AND(COUNTA(D21:AF21)=0,D22<>""),"NOT OK",IF(OR(AJ21="NOT OK",AK21="NOT OK",AL21="NOT OK",AT21="NOT OK"),"NOT OK",IF(OR(AO21="WARNING",AR21="WARNING"),"WARNING","OK"))))) | AI21: =IF(AND(COUNTA(D21:AF21)=0,'2.1'!D22=""),"",IF(AND(E21=0,COUNTA(H21:AF21)>0),"As number of facilities is zero, please leave columns H to AF empty.",IF(AND(COUNTA(D21:AF21)=0,D22<>""),"Empty lines between grades not allowed.",IF(AND(D21<>"",OR(E21="",G21="")),"Information is missing for this facility grade/pool. Please report number of facilities and average LGD estimate.",IF(AJ21="NOT OK","Row incomplete. Check if zeros values are missing in the row.",IF(AK21="NOT OK","The number of facilities in buckets does not sum up to the total number.",IF(AL21="NOT OK","Please order the pools in ascending order of the weighted average of estimated LGD.",IF(AT21="NOT OK","The p-value of t-Test differs from ECB calculation.",IF(AO21="WARNING","The average LGD^R seems implausible with the given LGD realisation.",IF(AR21="WARNING","The variance of the LGD seems implausible with the given realisation.","")))))))))) | AJ21: =IF(AND(COUNTA(D21:AF21)=0,'2.1'!D22=""),"",IF(AND(D21<>"",OR(E21="",G21="")),"NOT OK",IF(AND(D21<>"",E21<>"",E21=0,G21<>""),"OK",IF(COUNTA(D21:AF21)=COUNTA($D$9:$D$28)+7+1,"OK",IF(AND(E21=1,COUNTA(D21:AF21)=COUNTA($D$9:$D$28)+4+1),"OK","NOT OK"))))) | AK21: =IF(OR(AND(D21<>"",'2.1'!E21 =0),COUNTA(D21:AF21)=0),"",IF(E21=SUM(I21:AC21),"OK","NOT OK")) | AL21: =IF('2.1'!G21="","",IF(G21<G20,"NOT OK", "OK")) | AM21: {=IFERROR(SUM(I21:AC21*TRANSPOSE($AU$8:$AU$28))/SUM(I21:AC21),"")} | AN21: {=IFERROR(SUM(I21:AC21*TRANSPOSE($AV$8:$AV$28))/SUM(I21:AC21),"")} | AO21: =IF(OR(AND(D21<>"",'2.1'!E21 =0),COUNTA(D21:AF21)=0),"",IFERROR(IF(AND(H21>=AM21,H21<=AN21),"OK","WARNING"),"")) | AP21: =IF(COUNTA(H21:AF21)=0,"",IFERROR('2.1'!BG50,"")) | AQ21: =IF(COUNTA(H21:AF21)=0,"",IFERROR('2.1'!BF50,"")) | AR21: =IF(OR(AND(D21<>"",E21 =0),COUNTA(D21:AF21)=0),"",IFERROR(IF(AND('2.1'!AD21>=AP21,AD21<=AQ21),"OK","WARNING"),"")) | AS21: =IFERROR(IF(COUNTA(D21:AF21)=0,"",1-_xlfn.T.DIST(SQRT(E21)*(H21-G21)/SQRT('2.1'!AD21),E21-1,TRUE)),"") | AT21: =IFERROR(IF(COUNTA(D21:AF21)=0,"",IF(ABS(AF21-'2.1'!AS21)>0.00001,"NOT OK","OK")),"") | AU21: ='2.1'!G21 -> 0 | AV21: =IF('2.1'!G22<>"",G22,IF(G21=0,0,3)) -> 0 | AW21: =IFERROR('2.1'!AV21/2+AU21/2,"") -> 0 | BD21: =SUM('2.1'!I21:AC21) -> 0 | BE21: 13 | BF21: {=(SUM(($BF$8:$BZ$8<BF$8)*($BE$9:$BE$28<$BE21)*$I$9:$AC$28)+SUM(($BF$8:$BZ$8>BF$8)*($BE$9:$BE$28>$BE21)*$I$9:$AC$28)-(SUM(($BF$8:$BZ$8>BF$8)*($BE$9:$BE$28<$BE21)*$I$9:$AC$28)+SUM(($BF$8:$BZ$8<BF$8)*($BE$9:$BE$28>$BE21)*$I$9:$AC$28)))*(INDEX($I$9:$AC$28,$BE21,BF$8)>0)} -> 0 | BG21: {=(SUM(($BF$8:$BZ$8<BG$8)*($BE$9:$BE$28<$BE21)*$I$9:$AC$28)+SUM(($BF$8:$BZ$8>BG$8)*($BE$9:$BE$28>$BE21)*$I$9:$AC$28)-(SUM(($BF$8:$BZ$8>BG$8)*($BE$9:$BE$28<$BE21)*$I$9:$AC$28)+SUM(($BF$8:$BZ$8<BG$8)*($BE$9:$BE$28>$BE21)*$I$9:$AC$28)))*(INDEX($I$9:$AC$28,$BE21,BG$8)>0)} -> 0 | BH21: {=(SUM(($BF$8:$BZ$8<BH$8)*($BE$9:$BE$28<$BE21)*$I$9:$AC$28)+SUM(($BF$8:$BZ$8>BH$8)*($BE$9:$BE$28>$BE21)*$I$9:$AC$28)-(SUM(($BF$8:$BZ$8>BH$8)*($BE$9:$BE$28<$BE21)*$I$9:$AC$28)+SUM(($BF$8:$BZ$8<BH$8)*($BE$9:$BE$28>$BE21)*$I$9:$AC$28)))*(INDEX($I$9:$AC$28,$BE21,BH$8)>0)} -> 0 | BI21: {=(SUM(($BF$8:$BZ$8<BI$8)*($BE$9:$BE$28<$BE21)*$I$9:$AC$28)+SUM(($BF$8:$BZ$8>BI$8)*($BE$9:$BE$28>$BE21)*$I$9:$AC$28)-(SUM(($BF$8:$BZ$8>BI$8)*($BE$9:$BE$28<$BE21)*$I$9:$AC$28)+SUM(($BF$8:$BZ$8<BI$8)*($BE$9:$BE$28>$BE21)*$I$9:$AC$28)))*(INDEX($I$9:$AC$28,$BE21,BI$8)>0)} -> 0 | BJ21: {=(SUM(($BF$8:$BZ$8<BJ$8)*($BE$9:$BE$28<$BE21)*$I$9:$AC$28)+SUM(($BF$8:$BZ$8>BJ$8)*($BE$9:$BE$28>$BE21)*$I$9:$AC$28)-(SUM(($BF$8:$BZ$8>BJ$8)*($BE$9:$BE$28<$BE21)*$I$9:$AC$28)+SUM(($BF$8:$BZ$8<BJ$8)*($BE$9:$BE$28>$BE21)*$I$9:$AC$28)))*(INDEX($I$9:$AC$28,$BE21,BJ$8)>0)} -> 0 | BK21: {=(SUM(($BF$8:$BZ$8<BK$8)*($BE$9:$BE$28<$BE21)*$I$9:$AC$28)+SUM(($BF$8:$BZ$8>BK$8)*($BE$9:$BE$28>$BE21)*$I$9:$AC$28)-(SUM(($BF$8:$BZ$8>BK$8)*($BE$9:$BE$28<$BE21)*$I$9:$AC$28)+SUM(($BF$8:$BZ$8<BK$8)*($BE$9:$BE$28>$BE21)*$I$9:$AC$28)))*(INDEX($I$9:$AC$28,$BE21,BK$8)>0)} -> 0 | BL21: {=(SUM(($BF$8:$BZ$8<BL$8)*($BE$9:$BE$28<$BE21)*$I$9:$AC$28)+SUM(($BF$8:$BZ$8>BL$8)*($BE$9:$BE$28>$BE21)*$I$9:$AC$28)-(SUM(($BF$8:$BZ$8>BL$8)*($BE$9:$BE$28<$BE21)*$I$9:$AC$28)+SUM(($BF$8:$BZ$8<BL$8)*($BE$9:$BE$28>$BE21)*$I$9:$AC$28)))*(INDEX($I$9:$AC$28,$BE21,BL$8)>0)} -> 0 | BM21: {=(SUM(($BF$8:$BZ$8<BM$8)*($BE$9:$BE$28<$BE21)*$I$9:$AC$28)+SUM(($BF$8:$BZ$8>BM$8)*($BE$9:$BE$28>$BE21)*$I$9:$AC$28)-(SUM(($BF$8:$BZ$8>BM$8)*($BE$9:$BE$28<$BE21)*$I$9:$AC$28)+SUM(($BF$8:$BZ$8<BM$8)*($BE$9:$BE$28>$BE21)*$I$9:$AC$28)))*(INDEX($I$9:$AC$28,$BE21,BM$8)>0)} -> 0 | ... BZ21: {=(SUM(($BF$8:$BZ$8<BZ$8)*($BE$9:$BE$28<$BE21)*$I$9:$AC$28)+SUM(($BF$8:$BZ$8>BZ$8)*($BE$9:$BE$28>$BE21)*$I$9:$AC$28)-(SUM(($BF$8:$BZ$8>BZ$8)*($BE$9:$BE$28<$BE21)*$I$9:$AC$28)+SUM(($BF$8:$BZ$8<BZ$8)*($BE$9:$BE$28>$BE21)*$I$9:$AC$28)))*(INDEX($I$9:$AC$28,$BE21,BZ$8)>0)} -> 0 | CE21: 0 | CF21: 0 | CG21: FALSE | CH21: 0
B22: 214 | C22: Facility grade / pool 14 | AH22: =IF(AND(COUNTA(D22:AF22)=0,D23=""),"",IF(AND('2.1'!E22=0,COUNTA(H22:AF22)>0),"NOT OK",IF(AND(COUNTA(D22:AF22)=0,D23<>""),"NOT OK",IF(OR(AJ22="NOT OK",AK22="NOT OK",AL22="NOT OK",AT22="NOT OK"),"NOT OK",IF(OR(AO22="WARNING",AR22="WARNING"),"WARNING","OK"))))) | AI22: =IF(AND(COUNTA(D22:AF22)=0,'2.1'!D23=""),"",IF(AND(E22=0,COUNTA(H22:AF22)>0),"As number of facilities is zero, please leave columns H to AF empty.",IF(AND(COUNTA(D22:AF22)=0,D23<>""),"Empty lines between grades not allowed.",IF(AND(D22<>"",OR(E22="",G22="")),"Information is missing for this facility grade/pool. Please report number of facilities and average LGD estimate.",IF(AJ22="NOT OK","Row incomplete. Check if zeros values are missing in the row.",IF(AK22="NOT OK","The number of facilities in buckets does not sum up to the total number.",IF(AL22="NOT OK","Please order the pools in ascending order of the weighted average of estimated LGD.",IF(AT22="NOT OK","The p-value of t-Test differs from ECB calculation.",IF(AO22="WARNING","The average LGD^R seems implausible with the given LGD realisation.",IF(AR22="WARNING","The variance of the LGD seems implausible with the given realisation.","")))))))))) | AJ22: =IF(AND(COUNTA(D22:AF22)=0,'2.1'!D23=""),"",IF(AND(D22<>"",OR(E22="",G22="")),"NOT OK",IF(AND(D22<>"",E22<>"",E22=0,G22<>""),"OK",IF(COUNTA(D22:AF22)=COUNTA($D$9:$D$28)+7+1,"OK",IF(AND(E22=1,COUNTA(D22:AF22)=COUNTA($D$9:$D$28)+4+1),"OK","NOT OK"))))) | AK22: =IF(OR(AND(D22<>"",'2.1'!E22 =0),COUNTA(D22:AF22)=0),"",IF(E22=SUM(I22:AC22),"OK","NOT OK")) | AL22: =IF('2.1'!G22="","",IF(G22<G21,"NOT OK", "OK")) | AM22: {=IFERROR(SUM(I22:AC22*TRANSPOSE($AU$8:$AU$28))/SUM(I22:AC22),"")} | AN22: {=IFERROR(SUM(I22:AC22*TRANSPOSE($AV$8:$AV$28))/SUM(I22:AC22),"")} | AO22: =IF(OR(AND(D22<>"",'2.1'!E22 =0),COUNTA(D22:AF22)=0),"",IFERROR(IF(AND(H22>=AM22,H22<=AN22),"OK","WARNING"),"")) | AP22: =IF(COUNTA(H22:AF22)=0,"",IFERROR('2.1'!BG51,"")) | AQ22: =IF(COUNTA(H22:AF22)=0,"",IFERROR('2.1'!BF51,"")) | AR22: =IF(OR(AND(D22<>"",E22 =0),COUNTA(D22:AF22)=0),"",IFERROR(IF(AND('2.1'!AD22>=AP22,AD22<=AQ22),"OK","WARNING"),"")) | AS22: =IFERROR(IF(COUNTA(D22:AF22)=0,"",1-_xlfn.T.DIST(SQRT(E22)*(H22-G22)/SQRT('2.1'!AD22),E22-1,TRUE)),"") | AT22: =IFERROR(IF(COUNTA(D22:AF22)=0,"",IF(ABS(AF22-'2.1'!AS22)>0.00001,"NOT OK","OK")),"") | AU22: ='2.1'!G22 -> 0 | AV22: =IF('2.1'!G23<>"",G23,IF(G22=0,0,3)) -> 0 | AW22: =IFERROR('2.1'!AV22/2+AU22/2,"") -> 0 | BD22: =SUM('2.1'!I22:AC22) -> 0 | BE22: 14 | BF22: {=(SUM(($BF$8:$BZ$8<BF$8)*($BE$9:$BE$28<$BE22)*$I$9:$AC$28)+SUM(($BF$8:$BZ$8>BF$8)*($BE$9:$BE$28>$BE22)*$I$9:$AC$28)-(SUM(($BF$8:$BZ$8>BF$8)*($BE$9:$BE$28<$BE22)*$I$9:$AC$28)+SUM(($BF$8:$BZ$8<BF$8)*($BE$9:$BE$28>$BE22)*$I$9:$AC$28)))*(INDEX($I$9:$AC$28,$BE22,BF$8)>0)} -> 0 | BG22: {=(SUM(($BF$8:$BZ$8<BG$8)*($BE$9:$BE$28<$BE22)*$I$9:$AC$28)+SUM(($BF$8:$BZ$8>BG$8)*($BE$9:$BE$28>$BE22)*$I$9:$AC$28)-(SUM(($BF$8:$BZ$8>BG$8)*($BE$9:$BE$28<$BE22)*$I$9:$AC$28)+SUM(($BF$8:$BZ$8<BG$8)*($BE$9:$BE$28>$BE22)*$I$9:$AC$28)))*(INDEX($I$9:$AC$28,$BE22,BG$8)>0)} -> 0 | BH22: {=(SUM(($BF$8:$BZ$8<BH$8)*($BE$9:$BE$28<$BE22)*$I$9:$AC$28)+SUM(($BF$8:$BZ$8>BH$8)*($BE$9:$BE$28>$BE22)*$I$9:$AC$28)-(SUM(($BF$8:$BZ$8>BH$8)*($BE$9:$BE$28<$BE22)*$I$9:$AC$28)+SUM(($BF$8:$BZ$8<BH$8)*($BE$9:$BE$28>$BE22)*$I$9:$AC$28)))*(INDEX($I$9:$AC$28,$BE22,BH$8)>0)} -> 0 | BI22: {=(SUM(($BF$8:$BZ$8<BI$8)*($BE$9:$BE$28<$BE22)*$I$9:$AC$28)+SUM(($BF$8:$BZ$8>BI$8)*($BE$9:$BE$28>$BE22)*$I$9:$AC$28)-(SUM(($BF$8:$BZ$8>BI$8)*($BE$9:$BE$28<$BE22)*$I$9:$AC$28)+SUM(($BF$8:$BZ$8<BI$8)*($BE$9:$BE$28>$BE22)*$I$9:$AC$28)))*(INDEX($I$9:$AC$28,$BE22,BI$8)>0)} -> 0 | BJ22: {=(SUM(($BF$8:$BZ$8<BJ$8)*($BE$9:$BE$28<$BE22)*$I$9:$AC$28)+SUM(($BF$8:$BZ$8>BJ$8)*($BE$9:$BE$28>$BE22)*$I$9:$AC$28)-(SUM(($BF$8:$BZ$8>BJ$8)*($BE$9:$BE$28<$BE22)*$I$9:$AC$28)+SUM(($BF$8:$BZ$8<BJ$8)*($BE$9:$BE$28>$BE22)*$I$9:$AC$28)))*(INDEX($I$9:$AC$28,$BE22,BJ$8)>0)} -> 0 | BK22: {=(SUM(($BF$8:$BZ$8<BK$8)*($BE$9:$BE$28<$BE22)*$I$9:$AC$28)+SUM(($BF$8:$BZ$8>BK$8)*($BE$9:$BE$28>$BE22)*$I$9:$AC$28)-(SUM(($BF$8:$BZ$8>BK$8)*($BE$9:$BE$28<$BE22)*$I$9:$AC$28)+SUM(($BF$8:$BZ$8<BK$8)*($BE$9:$BE$28>$BE22)*$I$9:$AC$28)))*(INDEX($I$9:$AC$28,$BE22,BK$8)>0)} -> 0 | BL22: {=(SUM(($BF$8:$BZ$8<BL$8)*($BE$9:$BE$28<$BE22)*$I$9:$AC$28)+SUM(($BF$8:$BZ$8>BL$8)*($BE$9:$BE$28>$BE22)*$I$9:$AC$28)-(SUM(($BF$8:$BZ$8>BL$8)*($BE$9:$BE$28<$BE22)*$I$9:$AC$28)+SUM(($BF$8:$BZ$8<BL$8)*($BE$9:$BE$28>$BE22)*$I$9:$AC$28)))*(INDEX($I$9:$AC$28,$BE22,BL$8)>0)} -> 0 | BM22: {=(SUM(($BF$8:$BZ$8<BM$8)*($BE$9:$BE$28<$BE22)*$I$9:$AC$28)+SUM(($BF$8:$BZ$8>BM$8)*($BE$9:$BE$28>$BE22)*$I$9:$AC$28)-(SUM(($BF$8:$BZ$8>BM$8)*($BE$9:$BE$28<$BE22)*$I$9:$AC$28)+SUM(($BF$8:$BZ$8<BM$8)*($BE$9:$BE$28>$BE22)*$I$9:$AC$28)))*(INDEX($I$9:$AC$28,$BE22,BM$8)>0)} -> 0 | ... BZ22: {=(SUM(($BF$8:$BZ$8<BZ$8)*($BE$9:$BE$28<$BE22)*$I$9:$AC$28)+SUM(($BF$8:$BZ$8>BZ$8)*($BE$9:$BE$28>$BE22)*$I$9:$AC$28)-(SUM(($BF$8:$BZ$8>BZ$8)*($BE$9:$BE$28<$BE22)*$I$9:$AC$28)+SUM(($BF$8:$BZ$8<BZ$8)*($BE$9:$BE$28>$BE22)*$I$9:$AC$28)))*(INDEX($I$9:$AC$28,$BE22,BZ$8)>0)} -> 0 | CE22: 0 | CF22: 0 | CG22: FALSE | CH22: 0
B23: 215 | C23: Facility grade / pool 15 | AH23: =IF(AND(COUNTA(D23:AF23)=0,D24=""),"",IF(AND('2.1'!E23=0,COUNTA(H23:AF23)>0),"NOT OK",IF(AND(COUNTA(D23:AF23)=0,D24<>""),"NOT OK",IF(OR(AJ23="NOT OK",AK23="NOT OK",AL23="NOT OK",AT23="NOT OK"),"NOT OK",IF(OR(AO23="WARNING",AR23="WARNING"),"WARNING","OK"))))) | AI23: =IF(AND(COUNTA(D23:AF23)=0,'2.1'!D24=""),"",IF(AND(E23=0,COUNTA(H23:AF23)>0),"As number of facilities is zero, please leave columns H to AF empty.",IF(AND(COUNTA(D23:AF23)=0,D24<>""),"Empty lines between grades not allowed.",IF(AND(D23<>"",OR(E23="",G23="")),"Information is missing for this facility grade/pool. Please report number of facilities and average LGD estimate.",IF(AJ23="NOT OK","Row incomplete. Check if zeros values are missing in the row.",IF(AK23="NOT OK","The number of facilities in buckets does not sum up to the total number.",IF(AL23="NOT OK","Please order the pools in ascending order of the weighted average of estimated LGD.",IF(AT23="NOT OK","The p-value of t-Test differs from ECB calculation.",IF(AO23="WARNING","The average LGD^R seems implausible with the given LGD realisation.",IF(AR23="WARNING","The variance of the LGD seems implausible with the given realisation.","")))))))))) | AJ23: =IF(AND(COUNTA(D23:AF23)=0,'2.1'!D24=""),"",IF(AND(D23<>"",OR(E23="",G23="")),"NOT OK",IF(AND(D23<>"",E23<>"",E23=0,G23<>""),"OK",IF(COUNTA(D23:AF23)=COUNTA($D$9:$D$28)+7+1,"OK",IF(AND(E23=1,COUNTA(D23:AF23)=COUNTA($D$9:$D$28)+4+1),"OK","NOT OK"))))) | AK23: =IF(OR(AND(D23<>"",'2.1'!E23 =0),COUNTA(D23:AF23)=0),"",IF(E23=SUM(I23:AC23),"OK","NOT OK")) | AL23: =IF('2.1'!G23="","",IF(G23<G22,"NOT OK", "OK")) | AM23: {=IFERROR(SUM(I23:AC23*TRANSPOSE($AU$8:$AU$28))/SUM(I23:AC23),"")} | AN23: {=IFERROR(SUM(I23:AC23*TRANSPOSE($AV$8:$AV$28))/SUM(I23:AC23),"")} | AO23: =IF(OR(AND(D23<>"",'2.1'!E23 =0),COUNTA(D23:AF23)=0),"",IFERROR(IF(AND(H23>=AM23,H23<=AN23),"OK","WARNING"),"")) | AP23: =IF(COUNTA(H23:AF23)=0,"",IFERROR('2.1'!BG52,"")) | AQ23: =IF(COUNTA(H23:AF23)=0,"",IFERROR('2.1'!BF52,"")) | AR23: =IF(OR(AND(D23<>"",E23 =0),COUNTA(D23:AF23)=0),"",IFERROR(IF(AND('2.1'!AD23>=AP23,AD23<=AQ23),"OK","WARNING"),"")) | AS23: =IFERROR(IF(COUNTA(D23:AF23)=0,"",1-_xlfn.T.DIST(SQRT(E23)*(H23-G23)/SQRT('2.1'!AD23),E23-1,TRUE)),"") | AT23: =IFERROR(IF(COUNTA(D23:AF23)=0,"",IF(ABS(AF23-'2.1'!AS23)>0.00001,"NOT OK","OK")),"") | AU23: ='2.1'!G23 -> 0 | AV23: =IF('2.1'!G24<>"",G24,IF(G23=0,0,3)) -> 0 | AW23: =IFERROR('2.1'!AV23/2+AU23/2,"") -> 0 | BD23: =SUM('2.1'!I23:AC23) -> 0 | BE23: 15 | BF23: {=(SUM(($BF$8:$BZ$8<BF$8)*($BE$9:$BE$28<$BE23)*$I$9:$AC$28)+SUM(($BF$8:$BZ$8>BF$8)*($BE$9:$BE$28>$BE23)*$I$9:$AC$28)-(SUM(($BF$8:$BZ$8>BF$8)*($BE$9:$BE$28<$BE23)*$I$9:$AC$28)+SUM(($BF$8:$BZ$8<BF$8)*($BE$9:$BE$28>$BE23)*$I$9:$AC$28)))*(INDEX($I$9:$AC$28,$BE23,BF$8)>0)} -> 0 | BG23: {=(SUM(($BF$8:$BZ$8<BG$8)*($BE$9:$BE$28<$BE23)*$I$9:$AC$28)+SUM(($BF$8:$BZ$8>BG$8)*($BE$9:$BE$28>$BE23)*$I$9:$AC$28)-(SUM(($BF$8:$BZ$8>BG$8)*($BE$9:$BE$28<$BE23)*$I$9:$AC$28)+SUM(($BF$8:$BZ$8<BG$8)*($BE$9:$BE$28>$BE23)*$I$9:$AC$28)))*(INDEX($I$9:$AC$28,$BE23,BG$8)>0)} -> 0 | BH23: {=(SUM(($BF$8:$BZ$8<BH$8)*($BE$9:$BE$28<$BE23)*$I$9:$AC$28)+SUM(($BF$8:$BZ$8>BH$8)*($BE$9:$BE$28>$BE23)*$I$9:$AC$28)-(SUM(($BF$8:$BZ$8>BH$8)*($BE$9:$BE$28<$BE23)*$I$9:$AC$28)+SUM(($BF$8:$BZ$8<BH$8)*($BE$9:$BE$28>$BE23)*$I$9:$AC$28)))*(INDEX($I$9:$AC$28,$BE23,BH$8)>0)} -> 0 | BI23: {=(SUM(($BF$8:$BZ$8<BI$8)*($BE$9:$BE$28<$BE23)*$I$9:$AC$28)+SUM(($BF$8:$BZ$8>BI$8)*($BE$9:$BE$28>$BE23)*$I$9:$AC$28)-(SUM(($BF$8:$BZ$8>BI$8)*($BE$9:$BE$28<$BE23)*$I$9:$AC$28)+SUM(($BF$8:$BZ$8<BI$8)*($BE$9:$BE$28>$BE23)*$I$9:$AC$28)))*(INDEX($I$9:$AC$28,$BE23,BI$8)>0)} -> 0 | BJ23: {=(SUM(($BF$8:$BZ$8<BJ$8)*($BE$9:$BE$28<$BE23)*$I$9:$AC$28)+SUM(($BF$8:$BZ$8>BJ$8)*($BE$9:$BE$28>$BE23)*$I$9:$AC$28)-(SUM(($BF$8:$BZ$8>BJ$8)*($BE$9:$BE$28<$BE23)*$I$9:$AC$28)+SUM(($BF$8:$BZ$8<BJ$8)*($BE$9:$BE$28>$BE23)*$I$9:$AC$28)))*(INDEX($I$9:$AC$28,$BE23,BJ$8)>0)} -> 0 | BK23: {=(SUM(($BF$8:$BZ$8<BK$8)*($BE$9:$BE$28<$BE23)*$I$9:$AC$28)+SUM(($BF$8:$BZ$8>BK$8)*($BE$9:$BE$28>$BE23)*$I$9:$AC$28)-(SUM(($BF$8:$BZ$8>BK$8)*($BE$9:$BE$28<$BE23)*$I$9:$AC$28)+SUM(($BF$8:$BZ$8<BK$8)*($BE$9:$BE$28>$BE23)*$I$9:$AC$28)))*(INDEX($I$9:$AC$28,$BE23,BK$8)>0)} -> 0 | BL23: {=(SUM(($BF$8:$BZ$8<BL$8)*($BE$9:$BE$28<$BE23)*$I$9:$AC$28)+SUM(($BF$8:$BZ$8>BL$8)*($BE$9:$BE$28>$BE23)*$I$9:$AC$28)-(SUM(($BF$8:$BZ$8>BL$8)*($BE$9:$BE$28<$BE23)*$I$9:$AC$28)+SUM(($BF$8:$BZ$8<BL$8)*($BE$9:$BE$28>$BE23)*$I$9:$AC$28)))*(INDEX($I$9:$AC$28,$BE23,BL$8)>0)} -> 0 | BM23: {=(SUM(($BF$8:$BZ$8<BM$8)*($BE$9:$BE$28<$BE23)*$I$9:$AC$28)+SUM(($BF$8:$BZ$8>BM$8)*($BE$9:$BE$28>$BE23)*$I$9:$AC$28)-(SUM(($BF$8:$BZ$8>BM$8)*($BE$9:$BE$28<$BE23)*$I$9:$AC$28)+SUM(($BF$8:$BZ$8<BM$8)*($BE$9:$BE$28>$BE23)*$I$9:$AC$28)))*(INDEX($I$9:$AC$28,$BE23,BM$8)>0)} -> 0 | ... BZ23: {=(SUM(($BF$8:$BZ$8<BZ$8)*($BE$9:$BE$28<$BE23)*$I$9:$AC$28)+SUM(($BF$8:$BZ$8>BZ$8)*($BE$9:$BE$28>$BE23)*$I$9:$AC$28)-(SUM(($BF$8:$BZ$8>BZ$8)*($BE$9:$BE$28<$BE23)*$I$9:$AC$28)+SUM(($BF$8:$BZ$8<BZ$8)*($BE$9:$BE$28>$BE23)*$I$9:$AC$28)))*(INDEX($I$9:$AC$28,$BE23,BZ$8)>0)} -> 0 | CE23: 0 | CF23: 0 | CG23: FALSE | CH23: 0
B24: 216 | C24: Facility grade / pool 16 | AH24: =IF(AND(COUNTA(D24:AF24)=0,D25=""),"",IF(AND('2.1'!E24=0,COUNTA(H24:AF24)>0),"NOT OK",IF(AND(COUNTA(D24:AF24)=0,D25<>""),"NOT OK",IF(OR(AJ24="NOT OK",AK24="NOT OK",AL24="NOT OK",AT24="NOT OK"),"NOT OK",IF(OR(AO24="WARNING",AR24="WARNING"),"WARNING","OK"))))) | AI24: =IF(AND(COUNTA(D24:AF24)=0,'2.1'!D25=""),"",IF(AND(E24=0,COUNTA(H24:AF24)>0),"As number of facilities is zero, please leave columns H to AF empty.",IF(AND(COUNTA(D24:AF24)=0,D25<>""),"Empty lines between grades not allowed.",IF(AND(D24<>"",OR(E24="",G24="")),"Information is missing for this facility grade/pool. Please report number of facilities and average LGD estimate.",IF(AJ24="NOT OK","Row incomplete. Check if zeros values are missing in the row.",IF(AK24="NOT OK","The number of facilities in buckets does not sum up to the total number.",IF(AL24="NOT OK","Please order the pools in ascending order of the weighted average of estimated LGD.",IF(AT24="NOT OK","The p-value of t-Test differs from ECB calculation.",IF(AO24="WARNING","The average LGD^R seems implausible with the given LGD realisation.",IF(AR24="WARNING","The variance of the LGD seems implausible with the given realisation.","")))))))))) | AJ24: =IF(AND(COUNTA(D24:AF24)=0,'2.1'!D25=""),"",IF(AND(D24<>"",OR(E24="",G24="")),"NOT OK",IF(AND(D24<>"",E24<>"",E24=0,G24<>""),"OK",IF(COUNTA(D24:AF24)=COUNTA($D$9:$D$28)+7+1,"OK",IF(AND(E24=1,COUNTA(D24:AF24)=COUNTA($D$9:$D$28)+4+1),"OK","NOT OK"))))) | AK24: =IF(OR(AND(D24<>"",'2.1'!E24 =0),COUNTA(D24:AF24)=0),"",IF(E24=SUM(I24:AC24),"OK","NOT OK")) | AL24: =IF('2.1'!G24="","",IF(G24<G23,"NOT OK", "OK")) | AM24: {=IFERROR(SUM(I24:AC24*TRANSPOSE($AU$8:$AU$28))/SUM(I24:AC24),"")} | AN24: {=IFERROR(SUM(I24:AC24*TRANSPOSE($AV$8:$AV$28))/SUM(I24:AC24),"")} | AO24: =IF(OR(AND(D24<>"",'2.1'!E24 =0),COUNTA(D24:AF24)=0),"",IFERROR(IF(AND(H24>=AM24,H24<=AN24),"OK","WARNING"),"")) | AP24: =IF(COUNTA(H24:AF24)=0,"",IFERROR('2.1'!BG53,"")) | AQ24: =IF(COUNTA(H24:AF24)=0,"",IFERROR('2.1'!BF53,"")) | AR24: =IF(OR(AND(D24<>"",E24 =0),COUNTA(D24:AF24)=0),"",IFERROR(IF(AND('2.1'!AD24>=AP24,AD24<=AQ24),"OK","WARNING"),"")) | AS24: =IFERROR(IF(COUNTA(D24:AF24)=0,"",1-_xlfn.T.DIST(SQRT(E24)*(H24-G24)/SQRT('2.1'!AD24),E24-1,TRUE)),"") | AT24: =IFERROR(IF(COUNTA(D24:AF24)=0,"",IF(ABS(AF24-'2.1'!AS24)>0.00001,"NOT OK","OK")),"") | AU24: ='2.1'!G24 -> 0 | AV24: =IF('2.1'!G25<>"",G25,IF(G24=0,0,3)) -> 0 | AW24: =IFERROR('2.1'!AV24/2+AU24/2,"") -> 0 | BD24: =SUM('2.1'!I24:AC24) -> 0 | BE24: 16 | BF24: {=(SUM(($BF$8:$BZ$8<BF$8)*($BE$9:$BE$28<$BE24)*$I$9:$AC$28)+SUM(($BF$8:$BZ$8>BF$8)*($BE$9:$BE$28>$BE24)*$I$9:$AC$28)-(SUM(($BF$8:$BZ$8>BF$8)*($BE$9:$BE$28<$BE24)*$I$9:$AC$28)+SUM(($BF$8:$BZ$8<BF$8)*($BE$9:$BE$28>$BE24)*$I$9:$AC$28)))*(INDEX($I$9:$AC$28,$BE24,BF$8)>0)} -> 0 | BG24: {=(SUM(($BF$8:$BZ$8<BG$8)*($BE$9:$BE$28<$BE24)*$I$9:$AC$28)+SUM(($BF$8:$BZ$8>BG$8)*($BE$9:$BE$28>$BE24)*$I$9:$AC$28)-(SUM(($BF$8:$BZ$8>BG$8)*($BE$9:$BE$28<$BE24)*$I$9:$AC$28)+SUM(($BF$8:$BZ$8<BG$8)*($BE$9:$BE$28>$BE24)*$I$9:$AC$28)))*(INDEX($I$9:$AC$28,$BE24,BG$8)>0)} -> 0 | BH24: {=(SUM(($BF$8:$BZ$8<BH$8)*($BE$9:$BE$28<$BE24)*$I$9:$AC$28)+SUM(($BF$8:$BZ$8>BH$8)*($BE$9:$BE$28>$BE24)*$I$9:$AC$28)-(SUM(($BF$8:$BZ$8>BH$8)*($BE$9:$BE$28<$BE24)*$I$9:$AC$28)+SUM(($BF$8:$BZ$8<BH$8)*($BE$9:$BE$28>$BE24)*$I$9:$AC$28)))*(INDEX($I$9:$AC$28,$BE24,BH$8)>0)} -> 0 | BI24: {=(SUM(($BF$8:$BZ$8<BI$8)*($BE$9:$BE$28<$BE24)*$I$9:$AC$28)+SUM(($BF$8:$BZ$8>BI$8)*($BE$9:$BE$28>$BE24)*$I$9:$AC$28)-(SUM(($BF$8:$BZ$8>BI$8)*($BE$9:$BE$28<$BE24)*$I$9:$AC$28)+SUM(($BF$8:$BZ$8<BI$8)*($BE$9:$BE$28>$BE24)*$I$9:$AC$28)))*(INDEX($I$9:$AC$28,$BE24,BI$8)>0)} -> 0 | BJ24: {=(SUM(($BF$8:$BZ$8<BJ$8)*($BE$9:$BE$28<$BE24)*$I$9:$AC$28)+SUM(($BF$8:$BZ$8>BJ$8)*($BE$9:$BE$28>$BE24)*$I$9:$AC$28)-(SUM(($BF$8:$BZ$8>BJ$8)*($BE$9:$BE$28<$BE24)*$I$9:$AC$28)+SUM(($BF$8:$BZ$8<BJ$8)*($BE$9:$BE$28>$BE24)*$I$9:$AC$28)))*(INDEX($I$9:$AC$28,$BE24,BJ$8)>0)} -> 0 | BK24: {=(SUM(($BF$8:$BZ$8<BK$8)*($BE$9:$BE$28<$BE24)*$I$9:$AC$28)+SUM(($BF$8:$BZ$8>BK$8)*($BE$9:$BE$28>$BE24)*$I$9:$AC$28)-(SUM(($BF$8:$BZ$8>BK$8)*($BE$9:$BE$28<$BE24)*$I$9:$AC$28)+SUM(($BF$8:$BZ$8<BK$8)*($BE$9:$BE$28>$BE24)*$I$9:$AC$28)))*(INDEX($I$9:$AC$28,$BE24,BK$8)>0)} -> 0 | BL24: {=(SUM(($BF$8:$BZ$8<BL$8)*($BE$9:$BE$28<$BE24)*$I$9:$AC$28)+SUM(($BF$8:$BZ$8>BL$8)*($BE$9:$BE$28>$BE24)*$I$9:$AC$28)-(SUM(($BF$8:$BZ$8>BL$8)*($BE$9:$BE$28<$BE24)*$I$9:$AC$28)+SUM(($BF$8:$BZ$8<BL$8)*($BE$9:$BE$28>$BE24)*$I$9:$AC$28)))*(INDEX($I$9:$AC$28,$BE24,BL$8)>0)} -> 0 | BM24: {=(SUM(($BF$8:$BZ$8<BM$8)*($BE$9:$BE$28<$BE24)*$I$9:$AC$28)+SUM(($BF$8:$BZ$8>BM$8)*($BE$9:$BE$28>$BE24)*$I$9:$AC$28)-(SUM(($BF$8:$BZ$8>BM$8)*($BE$9:$BE$28<$BE24)*$I$9:$AC$28)+SUM(($BF$8:$BZ$8<BM$8)*($BE$9:$BE$28>$BE24)*$I$9:$AC$28)))*(INDEX($I$9:$AC$28,$BE24,BM$8)>0)} -> 0 | ... BZ24: {=(SUM(($BF$8:$BZ$8<BZ$8)*($BE$9:$BE$28<$BE24)*$I$9:$AC$28)+SUM(($BF$8:$BZ$8>BZ$8)*($BE$9:$BE$28>$BE24)*$I$9:$AC$28)-(SUM(($BF$8:$BZ$8>BZ$8)*($BE$9:$BE$28<$BE24)*$I$9:$AC$28)+SUM(($BF$8:$BZ$8<BZ$8)*($BE$9:$BE$28>$BE24)*$I$9:$AC$28)))*(INDEX($I$9:$AC$28,$BE24,BZ$8)>0)} -> 0 | CE24: 0 | CF24: 0 | CG24: FALSE | CH24: 0
... B28: 220 | C28: Facility grade / pool 20 | AH28: =IF(AND(COUNTA(D28:AF28)=0,D29=""),"",IF(AND('2.1'!E28=0,COUNTA(H28:AF28)>0),"NOT OK",IF(AND(COUNTA(D28:AF28)=0,D29<>""),"NOT OK",IF(OR(AJ28="NOT OK",AK28="NOT OK",AL28="NOT OK",AT28="NOT OK"),"NOT OK",IF(OR(AO28="WARNING",AR28="WARNING"),"WARNING","OK"))))) | AI28: =IF(AND(COUNTA(D28:AF28)=0,'2.1'!D29=""),"",IF(AND(E28=0,COUNTA(H28:AF28)>0),"As number of facilities is zero, please leave columns H to AF empty.",IF(AND(COUNTA(D28:AF28)=0,D29<>""),"Empty lines between grades not allowed.",IF(AND(D28<>"",OR(E28="",G28="")),"Information is missing for this facility grade/pool. Please report number of facilities and average LGD estimate.",IF(AJ28="NOT OK","Row incomplete. Check if zeros values are missing in the row.",IF(AK28="NOT OK","The number of facilities in buckets does not sum up to the total number.",IF(AL28="NOT OK","Please order the pools in ascending order of the weighted average of estimated LGD.",IF(AT28="NOT OK","The p-value of t-Test differs from ECB calculation.",IF(AO28="WARNING","The average LGD^R seems implausible with the given LGD realisation.",IF(AR28="WARNING","The variance of the LGD seems implausible with the given realisation.","")))))))))) | AJ28: =IF(AND(COUNTA(D28:AF28)=0,'2.1'!D29=""),"",IF(AND(D28<>"",OR(E28="",G28="")),"NOT OK",IF(AND(D28<>"",E28<>"",E28=0,G28<>""),"OK",IF(COUNTA(D28:AF28)=COUNTA($D$9:$D$28)+7+1,"OK",IF(AND(E28=1,COUNTA(D28:AF28)=COUNTA($D$9:$D$28)+4+1),"OK","NOT OK"))))) | AK28: =IF(OR(AND(D28<>"",'2.1'!E28 =0),COUNTA(D28:AF28)=0),"",IF(E28=SUM(I28:AC28),"OK","NOT OK")) | AL28: =IF('2.1'!G28="","",IF(G28<G27,"NOT OK", "OK")) | AM28: {=IFERROR(SUM(I28:AC28*TRANSPOSE($AU$8:$AU$28))/SUM(I28:AC28),"")} | AN28: {=IFERROR(SUM(I28:AC28*TRANSPOSE($AV$8:$AV$28))/SUM(I28:AC28),"")} | AO28: =IF(OR(AND(D28<>"",'2.1'!E28 =0),COUNTA(D28:AF28)=0),"",IFERROR(IF(AND(H28>=AM28,H28<=AN28),"OK","WARNING"),"")) | AP28: =IF(COUNTA(H28:AF28)=0,"",IFERROR('2.1'!BG57,"")) | AQ28: =IF(COUNTA(H28:AF28)=0,"",IFERROR('2.1'!BF57,"")) | AR28: =IF(OR(AND(D28<>"",E28 =0),COUNTA(D28:AF28)=0),"",IFERROR(IF(AND('2.1'!AD28>=AP28,AD28<=AQ28),"OK","WARNING"),"")) | AS28: =IFERROR(IF(COUNTA(D28:AF28)=0,"",1-_xlfn.T.DIST(SQRT(E28)*(H28-G28)/SQRT('2.1'!AD28),E28-1,TRUE)),"") | AT28: =IFERROR(IF(COUNTA(D28:AF28)=0,"",IF(ABS(AF28-'2.1'!AS28)>0.00001,"NOT OK","OK")),"") | AU28: ='2.1'!G28 -> 0 | AV28: =IF('2.1'!G29<>"",G29,IF(G28=0,0,3)) -> 0 | AW28: =IFERROR('2.1'!AV28/2+AU28/2,"") -> 0 | BD28: =SUM('2.1'!I28:AC28) -> 0 | BE28: 20 | BF28: {=(SUM(($BF$8:$BZ$8<BF$8)*($BE$9:$BE$28<$BE28)*$I$9:$AC$28)+SUM(($BF$8:$BZ$8>BF$8)*($BE$9:$BE$28>$BE28)*$I$9:$AC$28)-(SUM(($BF$8:$BZ$8>BF$8)*($BE$9:$BE$28<$BE28)*$I$9:$AC$28)+SUM(($BF$8:$BZ$8<BF$8)*($BE$9:$BE$28>$BE28)*$I$9:$AC$28)))*(INDEX($I$9:$AC$28,$BE28,BF$8)>0)} -> 0 | BG28: {=(SUM(($BF$8:$BZ$8<BG$8)*($BE$9:$BE$28<$BE28)*$I$9:$AC$28)+SUM(($BF$8:$BZ$8>BG$8)*($BE$9:$BE$28>$BE28)*$I$9:$AC$28)-(SUM(($BF$8:$BZ$8>BG$8)*($BE$9:$BE$28<$BE28)*$I$9:$AC$28)+SUM(($BF$8:$BZ$8<BG$8)*($BE$9:$BE$28>$BE28)*$I$9:$AC$28)))*(INDEX($I$9:$AC$28,$BE28,BG$8)>0)} -> 0 | BH28: {=(SUM(($BF$8:$BZ$8<BH$8)*($BE$9:$BE$28<$BE28)*$I$9:$AC$28)+SUM(($BF$8:$BZ$8>BH$8)*($BE$9:$BE$28>$BE28)*$I$9:$AC$28)-(SUM(($BF$8:$BZ$8>BH$8)*($BE$9:$BE$28<$BE28)*$I$9:$AC$28)+SUM(($BF$8:$BZ$8<BH$8)*($BE$9:$BE$28>$BE28)*$I$9:$AC$28)))*(INDEX($I$9:$AC$28,$BE28,BH$8)>0)} -> 0 | BI28: {=(SUM(($BF$8:$BZ$8<BI$8)*($BE$9:$BE$28<$BE28)*$I$9:$AC$28)+SUM(($BF$8:$BZ$8>BI$8)*($BE$9:$BE$28>$BE28)*$I$9:$AC$28)-(SUM(($BF$8:$BZ$8>BI$8)*($BE$9:$BE$28<$BE28)*$I$9:$AC$28)+SUM(($BF$8:$BZ$8<BI$8)*($BE$9:$BE$28>$BE28)*$I$9:$AC$28)))*(INDEX($I$9:$AC$28,$BE28,BI$8)>0)} -> 0 | BJ28: {=(SUM(($BF$8:$BZ$8<BJ$8)*($BE$9:$BE$28<$BE28)*$I$9:$AC$28)+SUM(($BF$8:$BZ$8>BJ$8)*($BE$9:$BE$28>$BE28)*$I$9:$AC$28)-(SUM(($BF$8:$BZ$8>BJ$8)*($BE$9:$BE$28<$BE28)*$I$9:$AC$28)+SUM(($BF$8:$BZ$8<BJ$8)*($BE$9:$BE$28>$BE28)*$I$9:$AC$28)))*(INDEX($I$9:$AC$28,$BE28,BJ$8)>0)} -> 0 | BK28: {=(SUM(($BF$8:$BZ$8<BK$8)*($BE$9:$BE$28<$BE28)*$I$9:$AC$28)+SUM(($BF$8:$BZ$8>BK$8)*($BE$9:$BE$28>$BE28)*$I$9:$AC$28)-(SUM(($BF$8:$BZ$8>BK$8)*($BE$9:$BE$28<$BE28)*$I$9:$AC$28)+SUM(($BF$8:$BZ$8<BK$8)*($BE$9:$BE$28>$BE28)*$I$9:$AC$28)))*(INDEX($I$9:$AC$28,$BE28,BK$8)>0)} -> 0 | BL28: {=(SUM(($BF$8:$BZ$8<BL$8)*($BE$9:$BE$28<$BE28)*$I$9:$AC$28)+SUM(($BF$8:$BZ$8>BL$8)*($BE$9:$BE$28>$BE28)*$I$9:$AC$28)-(SUM(($BF$8:$BZ$8>BL$8)*($BE$9:$BE$28<$BE28)*$I$9:$AC$28)+SUM(($BF$8:$BZ$8<BL$8)*($BE$9:$BE$28>$BE28)*$I$9:$AC$28)))*(INDEX($I$9:$AC$28,$BE28,BL$8)>0)} -> 0 | BM28: {=(SUM(($BF$8:$BZ$8<BM$8)*($BE$9:$BE$28<$BE28)*$I$9:$AC$28)+SUM(($BF$8:$BZ$8>BM$8)*($BE$9:$BE$28>$BE28)*$I$9:$AC$28)-(SUM(($BF$8:$BZ$8>BM$8)*($BE$9:$BE$28<$BE28)*$I$9:$AC$28)+SUM(($BF$8:$BZ$8<BM$8)*($BE$9:$BE$28>$BE28)*$I$9:$AC$28)))*(INDEX($I$9:$AC$28,$BE28,BM$8)>0)} -> 0 | ... BZ28: {=(SUM(($BF$8:$BZ$8<BZ$8)*($BE$9:$BE$28<$BE28)*$I$9:$AC$28)+SUM(($BF$8:$BZ$8>BZ$8)*($BE$9:$BE$28>$BE28)*$I$9:$AC$28)-(SUM(($BF$8:$BZ$8>BZ$8)*($BE$9:$BE$28<$BE28)*$I$9:$AC$28)+SUM(($BF$8:$BZ$8<BZ$8)*($BE$9:$BE$28>$BE28)*$I$9:$AC$28)))*(INDEX($I$9:$AC$28,$BE28,BZ$8)>0)} -> 0 | CE28: 0 | CF28: 0 | CG28: FALSE | CH28: 0
AJ35: VarTable | AL35: Average realised per grade
AJ36: grade | AK36: Portfolio | AL36: ='2.1'!D9 -> 0 | AM36: =D10 -> 0 | AN36: =D11 -> 0 | AO36: =D12 -> 0 | AP36: =D13 -> 0 | AQ36: =D14 -> 0 | AR36: =D15 -> 0 | AS36: =D16 -> 0 | AT36: =D17 -> 0 | AU36: =D18 -> 0 | AV36: =D19 -> 0 | AW36: =D20 -> 0 | AX36: =D21 -> 0 | AY36: =D22 -> 0 | AZ36: =D23 -> 0 | BA36: =D24 -> 0 | BB36: =D25 -> 0 | BC36: =D26 -> 0 | BD36: =D27 -> 0 | BE36: =D28 -> 0 | BF36: max | BG36: min
AJ37: ='2.1'!D9 -> 0 | AK37: ='2.1'!$H$7 -> 0 | AL37: ='2.1'!H$9 -> 0 | AM37: ='2.1'!H$10 -> 0 | AN37: ='2.1'!$H$11 -> 0 | AO37: ='2.1'!$H$12 -> 0 | AP37: ='2.1'!$H$13 -> 0 | AQ37: ='2.1'!$H$14 -> 0 | AR37: ='2.1'!$H$15 -> 0 | AS37: ='2.1'!$H$16 -> 0 | AT37: ='2.1'!$H$17 -> 0 | AU37: ='2.1'!$H$18 -> 0 | AV37: ='2.1'!$H$19 -> 0 | AW37: ='2.1'!$H$20 -> 0 | AX37: ='2.1'!$H$21 -> 0 | AY37: ='2.1'!$H$22 -> 0 | AZ37: ='2.1'!$H$23 -> 0 | BA37: ='2.1'!$H$24 -> 0 | BB37: ='2.1'!$H$25 -> 0 | BC37: ='2.1'!$H$26 -> 0 | BD37: ='2.1'!$H$27 -> 0 | BE37: ='2.1'!$H$28 -> 0 | BF37: {=IFERROR(SUM(($AU$8:$AU$28-$AK$37:$AK$57)^2*(($AU$8:$AU$28-$AK$37:$AK$57)^2>($AV$8:$AV$28-$AK$37:$AK$57)^2)*TRANSPOSE($I7:$AC7) +($AV$8:$AV$28-$AK$37:$AK$57)^2*(($AU$8:$AU$28-$AK$37:$AK$57)^2<=($AV$8:$AV$28-$AK$37:$AK$57)^2)*TRANSPOSE($I7:$AC7) )/(SUM($I7:$AC7)-1),"")} -> 0 | BG37: {=IFERROR(SUM(($AU$8:$AU$28-$AK$37:$AK$57)^2*(($AU$8:$AU$28-$AK$37:$AK$57)^2<=($AV$8:$AV$28-$AK$37:$AK$57)^2)*TRANSPOSE($I7:$AC7) +($AV$8:$AV$28-$AK$37:$AK$57)^2*(($AU$8:$AU$28-$AK$37:$AK$57)^2>($AV$8:$AV$28-$AK$37:$AK$57)^2)*TRANSPOSE($I7:$AC7) )/(SUM($I7:$AC7)-1),"")} -> 0 | BI37: {=($AU$8:$AU$28-$AK$37:$AK$57)^2>($AV$8:$AV$28-$AK$37:$AK$57)^2} -> FALSE
AJ38: ='2.1'!D10 -> 0 | AK38: ='2.1'!$H$7 -> 0 | AL38: ='2.1'!H$9 -> 0 | AM38: ='2.1'!H$10 -> 0 | AN38: ='2.1'!$H$11 -> 0 | AO38: ='2.1'!$H$12 -> 0 | AP38: ='2.1'!$H$13 -> 0 | AQ38: ='2.1'!$H$14 -> 0 | AR38: ='2.1'!$H$15 -> 0 | AS38: ='2.1'!$H$16 -> 0 | AT38: ='2.1'!$H$17 -> 0 | AU38: ='2.1'!$H$18 -> 0 | AV38: ='2.1'!$H$19 -> 0 | AW38: ='2.1'!$H$20 -> 0 | AX38: ='2.1'!$H$21 -> 0 | AY38: ='2.1'!$H$22 -> 0 | AZ38: ='2.1'!$H$23 -> 0 | BA38: ='2.1'!$H$24 -> 0 | BB38: ='2.1'!$H$25 -> 0 | BC38: ='2.1'!$H$26 -> 0 | BD38: ='2.1'!$H$27 -> 0 | BE38: ='2.1'!$H$28 -> 0 | BF38: {=IFERROR(SUM(($AU$8:$AU$28-$AL$37:$AL$57)^2*(($AU$8:$AU$28-$AL$37:$AL$57)^2>($AV$8:$AV$28-$AL$37:$AL$57)^2)*TRANSPOSE($I9:$AC9) +($AV$8:$AV$28-$AL$37:$AL$57)^2*(($AU$8:$AU$28-$AL$37:$AL$57)^2<=($AV$8:$AV$28-$AL$37:$AL$57)^2)*TRANSPOSE($I9:$AC9) )/(SUM($I9:$AC9)-1),"")} -> 0 | BG38: {=IFERROR(SUM(($AU$8:$AU$28-$AL$37:$AL$57)^2*(($AU$8:$AU$28-$AL$37:$AL$57)^2<=($AV$8:$AV$28-$AL$37:$AL$57)^2)*TRANSPOSE($I9:$AC9) +($AV$8:$AV$28-$AL$37:$AL$57)^2*(($AU$8:$AU$28-$AL$37:$AL$57)^2>($AV$8:$AV$28-$AL$37:$AL$57)^2)*TRANSPOSE($I9:$AC9) )/(SUM($I9:$AC9)-1),"")} -> 0 | BI38: FALSE
AJ39: ='2.1'!D11 -> 0 | AK39: ='2.1'!$H$7 -> 0 | AL39: ='2.1'!H$9 -> 0 | AM39: ='2.1'!H$10 -> 0 | AN39: ='2.1'!$H$11 -> 0 | AO39: ='2.1'!$H$12 -> 0 | AP39: ='2.1'!$H$13 -> 0 | AQ39: ='2.1'!$H$14 -> 0 | AR39: ='2.1'!$H$15 -> 0 | AS39: ='2.1'!$H$16 -> 0 | AT39: ='2.1'!$H$17 -> 0 | AU39: ='2.1'!$H$18 -> 0 | AV39: ='2.1'!$H$19 -> 0 | AW39: ='2.1'!$H$20 -> 0 | AX39: ='2.1'!$H$21 -> 0 | AY39: ='2.1'!$H$22 -> 0 | AZ39: ='2.1'!$H$23 -> 0 | BA39: ='2.1'!$H$24 -> 0 | BB39: ='2.1'!$H$25 -> 0 | BC39: ='2.1'!$H$26 -> 0 | BD39: ='2.1'!$H$27 -> 0 | BE39: ='2.1'!$H$28 -> 0 | BF39: {=IFERROR(SUM(($AU$8:$AU$28-$AM$37:$AM$57)^2*(($AU$8:$AU$28-$AM$37:$AM$57)^2>($AV$8:$AV$28-$AM$37:$AM$57)^2)*TRANSPOSE($I10:$AC10) +($AV$8:$AV$28-$AM$37:$AM$57)^2*(($AU$8:$AU$28-$AM$37:$AM$57)^2<=($AV$8:$AV$28-$AM$37:$AM$57)^2)*TRANSPOSE($I10:$AC10) )/(SUM($I10:$AC10)-1),"")} -> 0 | BG39: {=IFERROR(SUM(($AU$8:$AU$28-$AM$37:$AM$57)^2*(($AU$8:$AU$28-$AM$37:$AM$57)^2<=($AV$8:$AV$28-$AM$37:$AM$57)^2)*TRANSPOSE($I10:$AC10) +($AV$8:$AV$28-$AM$37:$AM$57)^2*(($AU$8:$AU$28-$AM$37:$AM$57)^2>($AV$8:$AV$28-$AM$37:$AM$57)^2)*TRANSPOSE($I10:$AC10) )/(SUM($I10:$AC10)-1),"")} -> 0 | BI39: FALSE
AJ40: ='2.1'!D12 -> 0 | AK40: ='2.1'!$H$7 -> 0 | AL40: ='2.1'!H$9 -> 0 | AM40: ='2.1'!H$10 -> 0 | AN40: ='2.1'!$H$11 -> 0 | AO40: ='2.1'!$H$12 -> 0 | AP40: ='2.1'!$H$13 -> 0 | AQ40: ='2.1'!$H$14 -> 0 | AR40: ='2.1'!$H$15 -> 0 | AS40: ='2.1'!$H$16 -> 0 | AT40: ='2.1'!$H$17 -> 0 | AU40: ='2.1'!$H$18 -> 0 | AV40: ='2.1'!$H$19 -> 0 | AW40: ='2.1'!$H$20 -> 0 | AX40: ='2.1'!$H$21 -> 0 | AY40: ='2.1'!$H$22 -> 0 | AZ40: ='2.1'!$H$23 -> 0 | BA40: ='2.1'!$H$24 -> 0 | BB40: ='2.1'!$H$25 -> 0 | BC40: ='2.1'!$H$26 -> 0 | BD40: ='2.1'!$H$27 -> 0 | BE40: ='2.1'!$H$28 -> 0 | BF40: {=IFERROR(SUM(($AU$8:$AU$28-$AN$37:$AN$57)^2*(($AU$8:$AU$28-$AN$37:$AN$57)^2>($AV$8:$AV$28-$AN$37:$AN$57)^2)*TRANSPOSE($I11:$AC11) +($AV$8:$AV$28-$AN$37:$AN$57)^2*(($AU$8:$AU$28-$AN$37:$AN$57)^2<=($AV$8:$AV$28-$AN$37:$AN$57)^2)*TRANSPOSE($I11:$AC11) )/(SUM($I11:$AC11)-1),"")} -> 0 | BG40: {=IFERROR(SUM(($AU$8:$AU$28-$AN$37:$AN$57)^2*(($AU$8:$AU$28-$AN$37:$AN$57)^2<=($AV$8:$AV$28-$AN$37:$AN$57)^2)*TRANSPOSE($I11:$AC11) +($AV$8:$AV$28-$AN$37:$AN$57)^2*(($AU$8:$AU$28-$AN$37:$AN$57)^2>($AV$8:$AV$28-$AN$37:$AN$57)^2)*TRANSPOSE($I11:$AC11) )/(SUM($I11:$AC11)-1),"")} -> 0 | BI40: FALSE
AJ41: ='2.1'!D13 -> 0 | AK41: ='2.1'!$H$7 -> 0 | AL41: ='2.1'!H$9 -> 0 | AM41: ='2.1'!H$10 -> 0 | AN41: ='2.1'!$H$11 -> 0 | AO41: ='2.1'!$H$12 -> 0 | AP41: ='2.1'!$H$13 -> 0 | AQ41: ='2.1'!$H$14 -> 0 | AR41: ='2.1'!$H$15 -> 0 | AS41: ='2.1'!$H$16 -> 0 | AT41: ='2.1'!$H$17 -> 0 | AU41: ='2.1'!$H$18 -> 0 | AV41: ='2.1'!$H$19 -> 0 | AW41: ='2.1'!$H$20 -> 0 | AX41: ='2.1'!$H$21 -> 0 | AY41: ='2.1'!$H$22 -> 0 | AZ41: ='2.1'!$H$23 -> 0 | BA41: ='2.1'!$H$24 -> 0 | BB41: ='2.1'!$H$25 -> 0 | BC41: ='2.1'!$H$26 -> 0 | BD41: ='2.1'!$H$27 -> 0 | BE41: ='2.1'!$H$28 -> 0 | BF41: {=IFERROR(SUM(($AU$8:$AU$28-$AO$37:$AO$57)^2*(($AU$8:$AU$28-$AO$37:$AO$57)^2>($AV$8:$AV$28-$AO$37:$AO$57)^2)*TRANSPOSE($I12:$AC12) +($AV$8:$AV$28-$AO$37:$AO$57)^2*(($AU$8:$AU$28-$AO$37:$AO$57)^2<=($AV$8:$AV$28-$AO$37:$AO$57)^2)*TRANSPOSE($I12:$AC12) )/(SUM($I12:$AC12)-1),"")} -> 0 | BG41: {=IFERROR(SUM(($AU$8:$AU$28-$AO$37:$AO$57)^2*(($AU$8:$AU$28-$AO$37:$AO$57)^2<=($AV$8:$AV$28-$AO$37:$AO$57)^2)*TRANSPOSE($I12:$AC12) +($AV$8:$AV$28-$AO$37:$AO$57)^2*(($AU$8:$AU$28-$AO$37:$AO$57)^2>($AV$8:$AV$28-$AO$37:$AO$57)^2)*TRANSPOSE($I12:$AC12) )/(SUM($I12:$AC12)-1),"")} -> 0 | BI41: FALSE
AJ42: ='2.1'!D14 -> 0 | AK42: ='2.1'!$H$7 -> 0 | AL42: ='2.1'!H$9 -> 0 | AM42: ='2.1'!H$10 -> 0 | AN42: ='2.1'!$H$11 -> 0 | AO42: ='2.1'!$H$12 -> 0 | AP42: ='2.1'!$H$13 -> 0 | AQ42: ='2.1'!$H$14 -> 0 | AR42: ='2.1'!$H$15 -> 0 | AS42: ='2.1'!$H$16 -> 0 | AT42: ='2.1'!$H$17 -> 0 | AU42: ='2.1'!$H$18 -> 0 | AV42: ='2.1'!$H$19 -> 0 | AW42: ='2.1'!$H$20 -> 0 | AX42: ='2.1'!$H$21 -> 0 | AY42: ='2.1'!$H$22 -> 0 | AZ42: ='2.1'!$H$23 -> 0 | BA42: ='2.1'!$H$24 -> 0 | BB42: ='2.1'!$H$25 -> 0 | BC42: ='2.1'!$H$26 -> 0 | BD42: ='2.1'!$H$27 -> 0 | BE42: ='2.1'!$H$28 -> 0 | BF42: {=IFERROR(SUM(($AU$8:$AU$28-$AP$37:$AP$57)^2*(($AU$8:$AU$28-$AP$37:$AP$57)^2>($AV$8:$AV$28-$AP$37:$AP$57)^2)*TRANSPOSE($I13:$AC13) +($AV$8:$AV$28-$AP$37:$AP$57)^2*(($AU$8:$AU$28-$AP$37:$AP$57)^2<=($AV$8:$AV$28-$AP$37:$AP$57)^2)*TRANSPOSE($I13:$AC13) )/(SUM($I13:$AC13)-1),"")} -> 0 | BG42: {=IFERROR(SUM(($AU$8:$AU$28-$AP$37:$AP$57)^2*(($AU$8:$AU$28-$AP$37:$AP$57)^2<=($AV$8:$AV$28-$AP$37:$AP$57)^2)*TRANSPOSE($I13:$AC13) +($AV$8:$AV$28-$AP$37:$AP$57)^2*(($AU$8:$AU$28-$AP$37:$AP$57)^2>($AV$8:$AV$28-$AP$37:$AP$57)^2)*TRANSPOSE($I13:$AC13) )/(SUM($I13:$AC13)-1),"")} -> 0 | BI42: FALSE
AJ43: ='2.1'!D15 -> 0 | AK43: ='2.1'!$H$7 -> 0 | AL43: ='2.1'!H$9 -> 0 | AM43: ='2.1'!H$10 -> 0 | AN43: ='2.1'!$H$11 -> 0 | AO43: ='2.1'!$H$12 -> 0 | AP43: ='2.1'!$H$13 -> 0 | AQ43: ='2.1'!$H$14 -> 0 | AR43: ='2.1'!$H$15 -> 0 | AS43: ='2.1'!$H$16 -> 0 | AT43: ='2.1'!$H$17 -> 0 | AU43: ='2.1'!$H$18 -> 0 | AV43: ='2.1'!$H$19 -> 0 | AW43: ='2.1'!$H$20 -> 0 | AX43: ='2.1'!$H$21 -> 0 | AY43: ='2.1'!$H$22 -> 0 | AZ43: ='2.1'!$H$23 -> 0 | BA43: ='2.1'!$H$24 -> 0 | BB43: ='2.1'!$H$25 -> 0 | BC43: ='2.1'!$H$26 -> 0 | BD43: ='2.1'!$H$27 -> 0 | BE43: ='2.1'!$H$28 -> 0 | BF43: {=IFERROR(SUM(($AU$8:$AU$28-$AQ$37:$AQ$57)^2*(($AU$8:$AU$28-$AQ$37:$AQ$57)^2>($AV$8:$AV$28-$AQ$37:$AQ$57)^2)*TRANSPOSE($I14:$AC14) +($AV$8:$AV$28-$AQ$37:$AQ$57)^2*(($AU$8:$AU$28-$AQ$37:$AQ$57)^2<=($AV$8:$AV$28-$AQ$37:$AQ$57)^2)*TRANSPOSE($I14:$AC14) )/(SUM($I14:$AC14)-1),"")} -> 0 | BG43: {=IFERROR(SUM(($AU$8:$AU$28-$AQ$37:$AQ$57)^2*(($AU$8:$AU$28-$AQ$37:$AQ$57)^2<=($AV$8:$AV$28-$AQ$37:$AQ$57)^2)*TRANSPOSE($I14:$AC14) +($AV$8:$AV$28-$AQ$37:$AQ$57)^2*(($AU$8:$AU$28-$AQ$37:$AQ$57)^2>($AV$8:$AV$28-$AQ$37:$AQ$57)^2)*TRANSPOSE($I14:$AC14) )/(SUM($I14:$AC14)-1),"")} -> 0 | BI43: FALSE
AJ44: ='2.1'!D16 -> 0 | AK44: ='2.1'!$H$7 -> 0 | AL44: ='2.1'!H$9 -> 0 | AM44: ='2.1'!H$10 -> 0 | AN44: ='2.1'!$H$11 -> 0 | AO44: ='2.1'!$H$12 -> 0 | AP44: ='2.1'!$H$13 -> 0 | AQ44: ='2.1'!$H$14 -> 0 | AR44: ='2.1'!$H$15 -> 0 | AS44: ='2.1'!$H$16 -> 0 | AT44: ='2.1'!$H$17 -> 0 | AU44: ='2.1'!$H$18 -> 0 | AV44: ='2.1'!$H$19 -> 0 | AW44: ='2.1'!$H$20 -> 0 | AX44: ='2.1'!$H$21 -> 0 | AY44: ='2.1'!$H$22 -> 0 | AZ44: ='2.1'!$H$23 -> 0 | BA44: ='2.1'!$H$24 -> 0 | BB44: ='2.1'!$H$25 -> 0 | BC44: ='2.1'!$H$26 -> 0 | BD44: ='2.1'!$H$27 -> 0 | BE44: ='2.1'!$H$28 -> 0 | BF44: {=IFERROR(SUM(($AU$8:$AU$28-$AR$37:$AR$57)^2*(($AU$8:$AU$28-$AR$37:$AR$57)^2>($AV$8:$AV$28-$AR$37:$AR$57)^2)*TRANSPOSE($I15:$AC15) +($AV$8:$AV$28-$AR$37:$AR$57)^2*(($AU$8:$AU$28-$AR$37:$AR$57)^2<=($AV$8:$AV$28-$AR$37:$AR$57)^2)*TRANSPOSE($I15:$AC15) )/(SUM($I15:$AC15)-1),"")} -> 0 | BG44: {=IFERROR(SUM(($AU$8:$AU$28-$AR$37:$AR$57)^2*(($AU$8:$AU$28-$AR$37:$AR$57)^2<=($AV$8:$AV$28-$AR$37:$AR$57)^2)*TRANSPOSE($I15:$AC15) +($AV$8:$AV$28-$AR$37:$AR$57)^2*(($AU$8:$AU$28-$AR$37:$AR$57)^2>($AV$8:$AV$28-$AR$37:$AR$57)^2)*TRANSPOSE($I15:$AC15) )/(SUM($I15:$AC15)-1),"")} -> 0 | BI44: FALSE
AJ45: ='2.1'!D17 -> 0 | AK45: ='2.1'!$H$7 -> 0 | AL45: ='2.1'!H$9 -> 0 | AM45: ='2.1'!H$10 -> 0 | AN45: ='2.1'!$H$11 -> 0 | AO45: ='2.1'!$H$12 -> 0 | AP45: ='2.1'!$H$13 -> 0 | AQ45: ='2.1'!$H$14 -> 0 | AR45: ='2.1'!$H$15 -> 0 | AS45: ='2.1'!$H$16 -> 0 | AT45: ='2.1'!$H$17 -> 0 | AU45: ='2.1'!$H$18 -> 0 | AV45: ='2.1'!$H$19 -> 0 | AW45: ='2.1'!$H$20 -> 0 | AX45: ='2.1'!$H$21 -> 0 | AY45: ='2.1'!$H$22 -> 0 | AZ45: ='2.1'!$H$23 -> 0 | BA45: ='2.1'!$H$24 -> 0 | BB45: ='2.1'!$H$25 -> 0 | BC45: ='2.1'!$H$26 -> 0 | BD45: ='2.1'!$H$27 -> 0 | BE45: ='2.1'!$H$28 -> 0 | BF45: {=IFERROR(SUM(($AU$8:$AU$28-$AS$37:$AS$57)^2*(($AU$8:$AU$28-$AS$37:$AS$57)^2>($AV$8:$AV$28-$AS$37:$AS$57)^2)*TRANSPOSE($I16:$AC16) +($AV$8:$AV$28-$AS$37:$AS$57)^2*(($AU$8:$AU$28-$AS$37:$AS$57)^2<=($AV$8:$AV$28-$AS$37:$AS$57)^2)*TRANSPOSE($I16:$AC16) )/(SUM($I16:$AC16)-1),"")} -> 0 | BG45: {=IFERROR(SUM(($AU$8:$AU$28-$AS$37:$AS$57)^2*(($AU$8:$AU$28-$AS$37:$AS$57)^2<=($AV$8:$AV$28-$AS$37:$AS$57)^2)*TRANSPOSE($I16:$AC16) +($AV$8:$AV$28-$AS$37:$AS$57)^2*(($AU$8:$AU$28-$AS$37:$AS$57)^2>($AV$8:$AV$28-$AS$37:$AS$57)^2)*TRANSPOSE($I16:$AC16) )/(SUM($I16:$AC16)-1),"")} -> 0 | BI45: FALSE
AJ46: ='2.1'!D18 -> 0 | AK46: ='2.1'!$H$7 -> 0 | AL46: ='2.1'!H$9 -> 0 | AM46: ='2.1'!H$10 -> 0 | AN46: ='2.1'!$H$11 -> 0 | AO46: ='2.1'!$H$12 -> 0 | AP46: ='2.1'!$H$13 -> 0 | AQ46: ='2.1'!$H$14 -> 0 | AR46: ='2.1'!$H$15 -> 0 | AS46: ='2.1'!$H$16 -> 0 | AT46: ='2.1'!$H$17 -> 0 | AU46: ='2.1'!$H$18 -> 0 | AV46: ='2.1'!$H$19 -> 0 | AW46: ='2.1'!$H$20 -> 0 | AX46: ='2.1'!$H$21 -> 0 | AY46: ='2.1'!$H$22 -> 0 | AZ46: ='2.1'!$H$23 -> 0 | BA46: ='2.1'!$H$24 -> 0 | BB46: ='2.1'!$H$25 -> 0 | BC46: ='2.1'!$H$26 -> 0 | BD46: ='2.1'!$H$27 -> 0 | BE46: ='2.1'!$H$28 -> 0 | BF46: {=IFERROR(SUM(($AU$8:$AU$28-$AT$37:$AT$57)^2*(($AU$8:$AU$28-$AT$37:$AT$57)^2>($AV$8:$AV$28-$AT$37:$AT$57)^2)*TRANSPOSE($I17:$AC17) +($AV$8:$AV$28-$AT$37:$AT$57)^2*(($AU$8:$AU$28-$AT$37:$AT$57)^2<=($AV$8:$AV$28-$AT$37:$AT$57)^2)*TRANSPOSE($I17:$AC17) )/(SUM($I17:$AC17)-1),"")} -> 0 | BG46: {=IFERROR(SUM(($AU$8:$AU$28-$AT$37:$AT$57)^2*(($AU$8:$AU$28-$AT$37:$AT$57)^2<=($AV$8:$AV$28-$AT$37:$AT$57)^2)*TRANSPOSE($I17:$AC17) +($AV$8:$AV$28-$AT$37:$AT$57)^2*(($AU$8:$AU$28-$AT$37:$AT$57)^2>($AV$8:$AV$28-$AT$37:$AT$57)^2)*TRANSPOSE($I17:$AC17) )/(SUM($I17:$AC17)-1),"")} -> 0 | BI46: FALSE
AJ47: ='2.1'!D19 -> 0 | AK47: ='2.1'!$H$7 -> 0 | AL47: ='2.1'!H$9 -> 0 | AM47: ='2.1'!H$10 -> 0 | AN47: ='2.1'!$H$11 -> 0 | AO47: ='2.1'!$H$12 -> 0 | AP47: ='2.1'!$H$13 -> 0 | AQ47: ='2.1'!$H$14 -> 0 | AR47: ='2.1'!$H$15 -> 0 | AS47: ='2.1'!$H$16 -> 0 | AT47: ='2.1'!$H$17 -> 0 | AU47: ='2.1'!$H$18 -> 0 | AV47: ='2.1'!$H$19 -> 0 | AW47: ='2.1'!$H$20 -> 0 | AX47: ='2.1'!$H$21 -> 0 | AY47: ='2.1'!$H$22 -> 0 | AZ47: ='2.1'!$H$23 -> 0 | BA47: ='2.1'!$H$24 -> 0 | BB47: ='2.1'!$H$25 -> 0 | BC47: ='2.1'!$H$26 -> 0 | BD47: ='2.1'!$H$27 -> 0 | BE47: ='2.1'!$H$28 -> 0 | BF47: {=IFERROR(SUM(($AU$8:$AU$28-$AU$37:$AU$57)^2*(($AU$8:$AU$28-$AU$37:$AU$57)^2>($AV$8:$AV$28-$AU$37:$AU$57)^2)*TRANSPOSE($I18:$AC18) +($AV$8:$AV$28-$AU$37:$AU$57)^2*(($AU$8:$AU$28-$AU$37:$AU$57)^2<=($AV$8:$AV$28-$AU$37:$AU$57)^2)*TRANSPOSE($I18:$AC18) )/(SUM($I18:$AC18)-1),"")} -> 0 | BG47: {=IFERROR(SUM(($AU$8:$AU$28-$AU$37:$AU$57)^2*(($AU$8:$AU$28-$AU$37:$AU$57)^2<=($AV$8:$AV$28-$AU$37:$AU$57)^2)*TRANSPOSE($I18:$AC18) +($AV$8:$AV$28-$AU$37:$AU$57)^2*(($AU$8:$AU$28-$AU$37:$AU$57)^2>($AV$8:$AV$28-$AU$37:$AU$57)^2)*TRANSPOSE($I18:$AC18) )/(SUM($I18:$AC18)-1),"")} -> 0 | BI47: FALSE
AJ48: ='2.1'!D20 -> 0 | AK48: ='2.1'!$H$7 -> 0 | AL48: ='2.1'!H$9 -> 0 | AM48: ='2.1'!H$10 -> 0 | AN48: ='2.1'!$H$11 -> 0 | AO48: ='2.1'!$H$12 -> 0 | AP48: ='2.1'!$H$13 -> 0 | AQ48: ='2.1'!$H$14 -> 0 | AR48: ='2.1'!$H$15 -> 0 | AS48: ='2.1'!$H$16 -> 0 | AT48: ='2.1'!$H$17 -> 0 | AU48: ='2.1'!$H$18 -> 0 | AV48: ='2.1'!$H$19 -> 0 | AW48: ='2.1'!$H$20 -> 0 | AX48: ='2.1'!$H$21 -> 0 | AY48: ='2.1'!$H$22 -> 0 | AZ48: ='2.1'!$H$23 -> 0 | BA48: ='2.1'!$H$24 -> 0 | BB48: ='2.1'!$H$25 -> 0 | BC48: ='2.1'!$H$26 -> 0 | BD48: ='2.1'!$H$27 -> 0 | BE48: ='2.1'!$H$28 -> 0 | BF48: {=IFERROR(SUM(($AU$8:$AU$28-$AV$37:$AV$57)^2*(($AU$8:$AU$28-$AV$37:$AV$57)^2>($AV$8:$AV$28-$AV$37:$AV$57)^2)*TRANSPOSE($I19:$AC19) +($AV$8:$AV$28-$AV$37:$AV$57)^2*(($AU$8:$AU$28-$AV$37:$AV$57)^2<=($AV$8:$AV$28-$AV$37:$AV$57)^2)*TRANSPOSE($I19:$AC19) )/(SUM($I19:$AC19)-1),"")} -> 0 | BG48: {=IFERROR(SUM(($AU$8:$AU$28-$AV$37:$AV$57)^2*(($AU$8:$AU$28-$AV$37:$AV$57)^2<=($AV$8:$AV$28-$AV$37:$AV$57)^2)*TRANSPOSE($I19:$AC19) +($AV$8:$AV$28-$AV$37:$AV$57)^2*(($AU$8:$AU$28-$AV$37:$AV$57)^2>($AV$8:$AV$28-$AV$37:$AV$57)^2)*TRANSPOSE($I19:$AC19) )/(SUM($I19:$AC19)-1),"")} -> 0 | BI48: FALSE
